Column1;Label;clean_text;String;new_label
0;Non-bullying;kaka tidur yaa sudah pagi tidak boleh capek2;"""Kaka tidur yaa, udah pagi, gaboleh capek2""";1
1;Non-bullying;makan nasi padang saja badannya;"""makan nasi padang aja begini badannya""";1
2;Bullying;suka cukur jembut manggung;"""yang aku suka dari dia adalah selalu cukur jembut sebelum manggung""";0
3;Non-bullying;hai kak isyana ngefans sekali kak isyana suka lagu kak isyana lagu didalam jiwa;"""Hai kak Isyana aku ngefans banget sama kak Isyana.aku paling suka lagu kak Isyana itu lagu tetap didalam jiwa""";1
4;Non-bullying;manusia bidadari sih herann deh cantik;"""Manusia apa bidadari sih herann deh cantik terus ????""";1
5;Bullying;ayu kinantii isyan sekarang berubah ya baju nya nakal;"""@ayu.kinantii isyan skrg berubah ya:( baju nya nakal""";0
6;Non-bullying;gemesnya isyan mirip tango berlapis lapis ciaaaa;"""Gemesnya isyan kayak tango, berlapis lapis ciaaaa""";1
7;Bullying;jelek saja anaknya ayahnya cakep2;"""Makin jelek aja anaknya, padahal ibu ayahnya cakep2""";0
8;Bullying;anaknya mirip sudah tua begitu ya mukanya kartu keluarga tasya;"""Kok anaknya kayak udah tua gitu ya mukanya kk tasya""";0
9;Bullying;muka anak nya ko tua sekali yaa tidak ngegemesin tidak lucu2nya;"""Muka anak nya ko tua banget yaa.. GK ngegemesin GK ada lucu2nya""";0
10;Bullying;muka nya muka kolot wkwk muka bayi2 lucu begitu;"""Muka nya muka kolot wkwk bukan muka bayi2 lucu gt""";0
11;Bullying;sudah gila orang wkwk sudah jomblo psikolog tidak laku ya;"""Udah gila sekarang ini orang wkwk, udah jomblo jadi psikolog ga laku, ya jadilah seperti itu""";0
12;Bullying;kamu sintingnya sudah tingkat dewa;"""Lo sintingnya udah tingkat dewa""";0
13;Bullying;lutfi putus dengan salsa orang stress;"""Sepertinya Lutfi setelah putus dgn salsa seperti orang stress""";0
14;Bullying;anak tolol aktif ya bund;"""ANAK TOLOL INI MULAI AKTIF YA BUND""";0
15;Bullying;mati saja tidak gedeg saya liat kamu anjim;"""bisa mati aja ga? gedeg gua liat lu. ANJIM""";0
16;Bullying;woy lutfi asu sok asyik kamu anjing;"""Woy Lutfi asu , sok asik Lo ANJING !""";0
17;Bullying;apasih kontol bertengkar saja ayo bngst lutfiagizal;"""Apasih kontol berantem aja lah ayo bngst @lutfiagizal""";0
18;Bullying;pelakor plus hamil nikah ya pantas anaknya seperti gini modelannya;"""Ibu kamu pelakor plus hamil di luar nikah ya? Pantesan anaknya kyk gini modelannya""";0
19;Bullying;anaknya sudah pintar maknya kelempengan berasa baby tingginya azka saja melebihi mamanya;"""Anaknya udh pinter, maknya yang kelempengan.. berasa masih baby, tingginya azka aj melebihi mamanya..""";0
20;Non-bullying;anak yang cerdas terbentuk dari pola asuh pola didik orangtua yang cerdas sih saranya sesimple;"""Anak yg cerdas terbentuk dr pola asuh sekaligus pola didik ortu yg cerdas pula sih pada saranya. Sesimple itu""";1
21;Non-bullying;iri motivasi;"""Setengah iri setengah jadi motivasi ini""";1
22;Bullying;hancur hidup kamu sumpah;"""Ancur hidup lu kalau sama dia? Sumpah..""";0
23;Bullying;seram sekali muka kamu mel mirip ayam potong merah sekali;"""serem banget muka lo mel kayak ayam potong merah banget""";0
24;Non-bullying;yaudah jadi pengusaha kuliner saja tidak usah artis makanannya memang bikin ngiler sih wkwkw;"""Yaudah jd pengusaha kuliner aja gausah artis, makanannya emang bikin ngiler sih wkwkw""";1
25;Non-bullying;memang cocoknya pengusaha kuliner sudah fixs semoha lancat terusssss;"""Kamu emang cocoknya jadi pengusaha kuliner udah fixs. Semoha lancat terusssss""";1
26;Bullying;sejelek image owner ya artis ups artis hallo langsung orang tahu image kamu jelek gentong;"""Tak sejelek IMAGE Owner ya..? Artis ups bukan Artis? Hallo secara tidak langsung semua orang itu tau IMAGE lu jelek gentong!""";0
27;Bullying;sih tidak hidupnya;"""Apaan sih gak jelas hidupnya""";0
28;Bullying;unfoll bilang najissss;"""Sebelum aku Unfoll, aku mau bilang NAJISSSS""";0
29;Bullying;muka kamu sensual norak sudah;"""muka lu sensual tapi norak kenapa dah""";0
30;Non-bullying;sudah tidak jaman ngebully orang hey netizen mending ngaca kekurangan;"""Udah gk jaman ngebully orang hey netizen mending ngaca dari kekurangan sendiri""";1
31;Non-bullying;pas penempatannya sebenarnya imut sekali loh mel;"""Kalau pas penempatannya, sebenernya kamu imut banget loh mel.""";1
32;Bullying;cakap kaga jelek iya hahah;"""Cakep kaga jelek iya HAHAH""";0
33;Bullying;jari jari kaki mirip jarinya tukang panggul;"""jari jari kaki kayak jarinya tukang panggul""";0
34;Bullying;kakinya kek hamil tua ya bun kaki gajah ayuugsia;"""Kakinya kek lagi hamil tua ya bun, semacam kaki gajah @ayuugsia""";0
35;Non-bullying;suka heran yang ngehina fisik benar ya pendosa;"""Suka heran sama yg ngehina fisik,, ternyata bener ya kita semua pendosa dengan cara kita sendiri,,""";1
36;Bullying;diedit biar langsing mah kalau live bomber badannya;"""Ini diedit biar langsing padahal mah klo live bomber badannya""";0
37;Bullying;kakinya gedong sayyy kek kaki jantan upp suka berbaur ama warwerwor mahluk astral yang kakinya gedong;"""Kakinya gedong sayyy kek kaki jantan? Upp kan dia suka berbaur ama warwerwor.. Mahluk astral.. Yg kakinya gedong""";0
38;Non-bullying;bagusan foto pakai masker daripada tidak pakai masker;"""Bagusan foto pakai masker drpd gak pakai masker""";1
39;Bullying;rosameldianti_ kakak foto memeknya kelihatan tebal memeknya kakak bengkak yah;"""@rosameldianti_ kakak foto sebelum ini. kenapa Memeknya Keliatan Tebal???? Memeknya kakak Lagi Bengkak yah???""";0
40;Bullying;bra nya kedodoran kak pakai ukuran gede yaa;"""Bra nya kedodoran kak make ukuran gede yaa""";0
41;Non-bullying;cantik senang usahanya membuahkan hasil semangat ya mel semoga pribadi;"""Nah ini cantik seneng. Usahanya membuahkan hasil. Semangat ya mel semoga menjadi pribadi yang lebih baik lagi""";1
42;Bullying;mba tidak sih tidak merem melek begitu matanya kaya orang cacingan;"""mba bisa gk sih, kalau gk merem melek gitu matanya kaya orang cacingan""";0
43;Non-bullying;semoga lancar usahanya mel;"""Semoga lancar terus usahanya mel""";1
44;Non-bullying;cantik sekali kalau meldi muka natural kek gini;"""Cantik banget kalo meldi muka natural kek gini""";1
45;Non-bullying;kamu diam saja cantik mel kalau tidak gaya serius;"""Lu diem aja cantik mel kalo ga banyak gaya serius""";1
46;Bullying;kaku kek kanebo kering hahaha;"""Kaku kek kanebo kering hahaha""";0
47;Non-bullying;glowing say natural mirip gini bagus tambahin prestasi nya ya say;"""Semakin glowing say? natural kayak gini bagus tambahin prestasi nya ya say""";1
48;Bullying;meldi emaknya buka klinik totok aura kayaknya anaknya tidak ditotok ya auranya tidak kelihatan yang butek;"""Meldi, emaknya buka klinik totok aura kayaknya anaknya gak pernah ditotok ya? auranya gak keliatan yg ada malah butek""";0
49;Bullying;muka kamu pasaran mel pasar sapi noh;"""Karena muka lo pasaran mel, di pasar sapi juga ada yang mirip noh""";0
50;Bullying;maaf saya nyamain kamu dugong memang;"""Maap kalau gua sering nyamain lu sama dugong soalnya emang mirip""";0
51;Bullying;iya kamu monyet mel;"""Iya lo kamu mirip monyet mel""";0
52;Bullying;bagusan pantat panci aing atuh anjir;"""Bagusan pantat panci aing atuh anjir""";0
53;Bullying;ya memang tidak muka muka badak muka beton tidak malu;"""Ya emang ga ada yang sama soalnya muka kamu sama dengan muka badak, muka beton, ga ada malu,,,""";0
54;Non-bullying;mbak meldi cantik ya rahasianya;"""Kok mbak meldi sekarang tambah cantik ya rahasianya apa..""";1
55;Bullying;lengannya gempal sekali sih haha;"""Lengannya gempal banget sih HAHA""";0
56;Non-bullying;fix komen nyela;"""Fix yang komen semua nyela""";1
57;Non-bullying;sudah ka tidak usah digubris tidak usah dipikirin bersyukur saja nikmat tuhan sudah dikasih kaka tidak usah ngatain orang ka tetap bersyukur nikmatnya;"""Udah ka gausah digubris gausah dipikirin. Bersyukur aja sama nikmat tuhan yang udah dikasih ke kaka. Gausah juga ngatain orang ka, tetep bersyukur atas nikmatnya""";1
58;Bullying;jari jari nya gede gede sekali pas ngiklan makan ikan danau hambar jarinya mirip jempol hawak benar;"""Jari jari nya gede gede banget, apalagi pas ngiklan makan ikan danau hambar, jarinya kayak jempol semua hawak bener""";0
59;Bullying;disamain muka rosameldianti_ orang oi mintanya disamain babi;"""Jangan disamain muka @rosameldianti_ sama orang oi. Mintanya disamain sama babi""";0
60;Non-bullying;tidak dibawah meldi setara kekurangan kelebihan;"""Ga ada yang dibawah Meldi, semuanya setara, ada kekurangan ada kelebihan""";1
61;Non-bullying;ka mel tidak usah merendahkan orang bersyukur saja diatas langit langit;"""Ka mel gausah merendahkan orang lain. Bersyukur aja diatas langit juga masih ada langit lagi""";1
62;Bullying;mukanya tidak dibantu kamera dekil kumel;"""Mukanya kalau gak dibantu kamera dekil dan kumel""";0
63;Non-bullying;wanita cantik suka ah;"""Semua wanita cantik, jangan suka merasa lebih ah""";1
64;Bullying;meldi sudah kontrak endorse skincare ya mukanya jelek si;"""Meldi udah dapat kontrak endorse skincare ya tapi kok mukanya tetap jelek si?""";0
65;Non-bullying;gila netizen sempurna ngehina orang;"""Gila Netizen pada sempurna ngehina orang terus""";1
66;Bullying;sudah ngembang habis cowok meldi enak ya otak atik;"""Semua dah pada ngembang? habis di berapa cowo meldi?... enak ya di otak atik""";0
67;Bullying;muka mirip kamu pasaran murah;"""Karena muka kayak elo pasaran dan murah?""";0
68;Bullying;muka buluk kepedean muka sudah tua;"""Muka buluk kepedean lagi.. muka udah tua""";0
69;Bullying;muka kamu kaya tai wkwkwk;"""Muka lu kaya tai wkwkwk""";0
70;Bullying;sakit jiwa upil gajah kasihan;"""Sakit jiwa ini upil gajah? Kasihan""";0
71;Bullying;jelek buntut kuali hahaha;"""Jelek macam buntut kuali hahaha""";0
72;Non-bullying;meldi kurusan ya cantik pakai up;"""Meldi tambah kurusan sekarang ya??? Cantik walaupun tanpa make up?""";1
73;Non-bullying;elu semoga semakinlebih akhlak etikanya;"""Elu juga semoga semakinlebih baik dalam segala hal, terutama akhlak dan etikanya""";1
74;Non-bullying;mbak mell sehat sukses ya;"""Mbak mell sehat dan sukses ya""";1
75;Non-bullying;aamiin doa meldi;"""Aamiin. Doa baik juga untuk Meldi""";1
76;Non-bullying;selamat mbak semoga pribadi amin;"""Selamat tahun baru mbak, semoga jadi pribadi yang lebih baik amin""";1
77;Non-bullying;meldi cantik loh tinggal dibenerin akhlak adabnya sip;"""Meldi ini lama lama cantik loh tinggal dibenerin akhlak dan adabnya pasti makin sip""";1
78;Bullying;pengambilan fotonya bagus mantap keren tinggal pengambilan arwah nya saja;"""Pengambilan fotonya sudah bagus mantap dan keren.. tinggal pengambilan ARWAH nya aja yang belum""";0
79;Bullying;tidak cantik cantik nya hahaha;"""Nggak ada cantik-cantik nya hahaha""";0
80;Bullying;kasihan editornya sih nanggung dosa sekali kayaknya ngeditnya offside gini;"""Kasian editornya sih ini, nanggung dosa banget kayaknya ngeditnya offside gini""";0
81;Non-bullying;dewi persik ya;"""Lama lama mirip dewi persik ya""";1
82;Non-bullying;julid meldi tidak nyusahin;"""pada julid padahal kan meldi gak nyusahin kalian""";1
83;Bullying;foto w masukin museum saja ya tidak pantas2nya;"""ini foto apa w masukin museum aja ya ga ada pantas2nya""";0
84;Bullying;tidak ngumpul bareng mami isa gembrot disana;"""Nggak ngumpul bareng mami isa lagi kan kamu yang paling gembrot disana""";0
85;Bullying;lagu kamu tidak laku ya mel;"""Lagu lu ga ada yang laku ya mel??""";0
86;Bullying;lututnya hitam gosok maning biar cling cantik;"""Lututnya masih hitam gosok maning biar tambah cling dan cantik""";0
87;Non-bullying;suka heran warga 62 sukanya ngehujat orang terus pahala tidak dosa mah iya;"""Suka heran sama warga +62 sukanya ngehujat orang mulu, dapat pahala kagak dosa mah iya""";1
88;Non-bullying;cantik saja rosa meldianti;"""Tambah cantik aja rosa meldianti""";1
89;Bullying;ular dugong;"""Jadi diri sendiri, jangan jadi ular apalagi dugong""";0
90;Non-bullying;suka ya harmonis;"""Saya kok suka ya sama mereka harmonis""";1
91;Non-bullying;cantik sekali pakai baju mirip begitu;"""Cantik banget kalau pakai baju kayak gitu""";1
92;Non-bullying;jujur ya kalau anteng tidak cantik mel;"""Jujur ya kamu kalo anteng ga buat masalah cantik mel""";1
93;Bullying;cowoknya tidak cakap cakepnya;"""Cowoknya ga ada cakep cakepnya""";0
94;Bullying;foto tirus kalau video wariorr mukanya kek donat tidak bentuknya;"""Di foto tirus.. Kalo di video wariorr kok mukanya kek donat gak ada bentuknya""";0
95;Non-bullying;sekian foto diposting cantik;"""Dari sekian banyak foto yang diposting, ini yang paling cantik""";1
96;Bullying;artis abal abal muka putih tangan hitam ager2 atm nya sudah isi;"""Artis abal-abal.. Muka putih tangan hitam? ager2 ATM nya udah isi berapa sekarang""";0
97;Bullying;muka mirip penuh tekanan sekali;"""Itu muka kayak penuh tekanan banget""";0
98;Bullying;rosameldianti_ cowokmu wajah nya culun cupu mirip om2;"""@rosameldianti_ cowokmu wajah nya culun dan cupu kayak om2""";0
99;Non-bullying;masyaallah cantik sopan anggun;"""Masyaallah cantik terlihat sopan dan anggun""";1
100;Bullying;kang ojek kali belang tangannya;"""Kang ojek kali belang tangannya""";0
101;Non-bullying;senang liat pasangan cewenya hujat 1 indonesia tetap setia menemani;"""Seneng liat pasangan ini cewenya di hujat 1 indonesia tapi dia tetep setia nemenin""";1
102;Bullying;memutuskan tumbal apartemen;"""Dia memutuskan menjadi tumbal apartment""";0
103;Non-bullying;cantik mel semangat dietnyaa;"""makin cantik mel, semangat dietnyaa""";1
104;Bullying;tangan paha haha;"""Itu tangan apa paha haha?.""";0
105;Non-bullying;mel kelihatan cakap;"""Mel disini kamu keliatan cakep""";1
106;Bullying;mukanya mirip ngeden pas boker;"""Mukanya kayak lagi ngeden pas boker""";0
107;Bullying;aduuh halu hhahaha lebay editan nyaa lemak ke mana lemak hahhaaa mimpi ketinggian;"""Aduuh.. terlalu halu.. hhahaha lebay editan nyaa lemak kemana lemak? hahhaaa.. mimpi ketinggian..""";0
108;Non-bullying;salfok kaki cantik sekali asli;"""salfok sama kaki, tapi cantik banget asli""";1
109;Bullying;_dy1412 buset cantik diedit saja mba coba sudah aslinya sudah mirip buntelan kentut;"""@_dy1412 buset cantik diedit aja mba, coba dah aslinya dah kayak buntelan kentut?""";0
110;Bullying;hitam putih kek kopi luwak;"""atas bawah hitam putih, kek kopi luwak""";0
111;Bullying;palsu badane diedit itu aslinya dimana2 lemak;"""Palsu badane diedit semua tu, aslinya dimana2 lemak""";0
112;Bullying;sudah kontrak skincare tetap saja buluk mel;"""Udah dapat kontrak dari skincare ttp aja buluk mel""";0
113;Non-bullying;heran netizen kalau tidak suka diliat saja;"""heran sama netizen klo gk suka jangan diliat aja""";1
114;Non-bullying;sukses yah ka rosameldianti_ semangat;"""sukses selalu yah ka @rosameldianti_ semangat""";1
115;Non-bullying;jujur suka meldi suka ngehujat orang;"""Jujur aku lebih suka meldi yang sekarang daripada yang dulu suka ngehujat orang""";1
116;Bullying;sumpah aslinya muka kamu lebar mirip baskom loh mel rosameldianti_;"""sumpah aslinya muka lo lebar kayak baskom loh mel @rosameldianti_""";0
117;Non-bullying;berkarya terus meldi walo tidak yang nuntun;"""Berkarya teros meldi walo ga ada yg nuntun kamu.""";1
118;Bullying;astaghfirullah seram ya bun ular jelmaan makhluk halus ya bun;"""Astaghfirullah, seram sekali ya bun seperti ular jelmaan makhluk halus ya bun""";0
119;Non-bullying;heran cowokpun ngebully sabar meldi;"""Dan yang paling saya heran cowokpun ikut ngebully, sabar meldi.""";1
120;Bullying;astaga ratu edit muka sumpah seren mirip film setan2 begitu;"""Astaga? Ratu edit muka.. Sumpah seren kayak film setan2 gitu?..""";0
121;Bullying;matanya mirip katarak anjir ahahah;"""Matanya kayak katarak anjir AHAHAH""";0
122;Bullying;caption saja copas cantumin credit dasar iblis;"""Caption aja COPAS! Cantumin credit dong, dasar iblis""";0
123;Non-bullying;unfoll saja dosa ngebully2;"""Unfoll aja daripada kalian dosa ngebully2 terus..""";1
124;Non-bullying;meldi perhatikan orang china deh cantik;"""Meldi aku perhatikan kamu seperti orang china deh.. cantik""";1
125;Bullying;editan softlensnya mbaknya mirip ratu titisan ular wkwkwk;"""Editan softlensnya keluar itu mbaknya, kayak ratu titisan ular kamu wkwkwk""";0
126;Bullying;kasihan ular dibawa bawa tidak ular pantasnya bunglon buaya;"""Kasihan ular dibawa bawa kamu gak pantas jadi ular pantasnya jadi bunglon atau buaya..""";0
127;Non-bullying;maju terus ya sayang abaikan orang2 yang comment menyakitkan;"""Maju trus ya sayang.. abaikan orang2 yg comment menyakitkan""";1
128;Bullying;kasihan ya rosameldianti_ hidup hanya bahan hujatan masyarakat mubadzir sekali deh hidup kamu kenapa tidak bunuh saja;"""Kasihan ya kamu @rosameldianti_ Hidup sekali cuman buat bahan hujatan masyarakat? Mubadzir banget deh hidup lo? Napa gak bunuh diri aja?""";0
129;Non-bullying;semangat mel bahasa asing mah berani entarnya;"""Semangat mel, bahasa asing mah yang penting kita berani pasti entarnya bisa""";1
130;Bullying;beda di foto yaa lebar sekali mukanya maaf foto editan ya;"""Beda sama d foto yaa.. Disini lebar banget mukanya maaf itu kalau foto editan ya""";0
131;Non-bullying;meldi kadang mulut aku rem kehaluanmu bangga berusaha mu yuhuuu;"""Meldi meskipun kadang mulut ku tak bisa di rem karena kehaluanmu, tapi aku bangga akan berusaha mu, yuhuuu""";1
132;Bullying;lupa edit ya itu muka melar;"""Lupa di edit ya tu muka melar""";0
133;Non-bullying;semangatt kesalahan belajar bahasa asing pembelajaran utamanya kesalahannya tidak terulang;"""Semangatt, kesalahan dalam belajar bahasa asing itu penting. Karena itu pembelajaran utamanya, supaya kesalahannya ga terulang""";1
134;Non-bullying;kereennnn bully an netizen menjadikanmu belajar;"""Kereennnn.. dari bully.an netizen menjadikanmu mau belajar""";1
135;Bullying;hiiihhh jiik lihat nih orang auranya buruk sangat tidak manis manisnya;"""Hiiihhh jiik lihat nih orang? auranya buruk bgt gak ada manis manisnya""";0
136;Non-bullying;semangat belajar ya uga tidak bahasa inggris;"""Semangat untuk belajar ya? saya uga gak bisa bahasa inggris""";1
137;Non-bullying;niat keberanian;"""Yang penting ada niat.. dan keberanian""";1
138;Non-bullying;salut mel semangat belajar yang ngetawain berani;"""Salut Mel.. semangat belajar, yg ngetawain juga belum tentu bisa Dan berani..""";1
139;Non-bullying;tidak apa-apa mel semangat belajar trusssss gampang nyerah pokoknya rosameldianti_;"""Gpp Mel semangat buat belajar trusssss jangan gampang nyerah pokoknya @rosameldianti_""";1
140;Non-bullying;ngaku belagak pintar;"""Setidaknya dia ngaku. bukan belagak pintar""";1
141;Bullying;kalau mengharap ikutan kontes miss earth les inggris biar lidahnya tidak keseleo;"""Masih jauh kalo ngarep bisa ikutan kontes miss earth , makanya dari kecil les inggris biar lidahnya gak keseleo""";0
142;Non-bullying;postingan ya bund netizen menghujat;"""Cuma di postingan ini ya bund netizen sedikit yang menghujat""";1
143;Non-bullying;happy birthday mel sehat sukses yah aamiin;"""Happy birthday Mel sehat dan Sukses yah, Aamiin""";1
144;Non-bullying;happy birthday kak meldi imut n ngegemesin sukses;"""Happy Birthday kak Meldi yang imut n ngegemesin. Tambah sukses selalu""";1
145;Bullying;ya ampun ketiak lemaknya editan parah wkwk;"""Ya ampun ketiak dan lemaknya editan parah wkwk""";0
146;Bullying;ketiaknya habis amplas mel alus sekali;"""Ketiaknya habis di amplas mel, alus banget""";0
147;Bullying;sudah diedit begitu ketiak kamu hitam;"""Udah diedit gitu, ketiak lu tetap hitam""";0
148;Non-bullying;selamat ulang mel sudah yah tingkah;"""Selamat ulang tahun mel, udah yah jangan banyak tingkah""";1
149;Bullying;mukanya kuning sekali kaya kunyit;"""Mukanya kuning banget kaya kunyit""";0
150;Non-bullying;selamat ulang meldi sukses sehat ya;"""Selamat ulang tahun meldi sukses dan sehat terus ya?.""";1
151;Non-bullying;fotonya cantik ihhh biar tidak kena hujat ihh mah kasihan;"""Fotonya lainnya jangan yang ini, kan masih banyak yang lebih cantik ihhh biar gak kena hujat kamu ihh, aku mah kasihan""";1
152;Non-bullying;happy birthday meldi semoga sukses umur rejekinya lancarkan amin;"""HBD meldi? Semoga sukses selalu dan panjang umur dan rejekinya di lancarkan.. Amin""";1
153;Bullying;perasaan kemarin lengannya kekar sekali kek petinju sudah begitu ketiaknya hitam difoto lengannya ketiaknya putih kek dibedakin;"""Perasaan kemarin lengannya kekar banget kek petinju, udah gitu ketiaknya juga hitam. Kok difoto ini lengannya jadi kecil, ketiaknya putih kek dibedakin""";0
154;Non-bullying;selamat ulang kak rosameldianti_ banyaknya sadar pansos yah amin;"""Selamat Ulang Tahun kak @rosameldianti_, banyaknya sadar dan jangan pansos lagi yah. Amin""";1
155;Non-bullying;happy birthday cantik semoga kedepannya sukses;"""Hbd cantik semoga kedepannya tambah sukses""";1
156;Non-bullying;happy birthday mbak mel cantik panjangkan umurnya sehat;"""Hbd mbak mel tambah cantik di panjangkan umurnya dan sehat selalu""";1
157;Non-bullying;berdiri kaki;"""berdiri di kaki sendiri lebih baik""";1
158;Bullying;biar edit2 kaya saja ketiak hitam nya tidak bohongin;"""Biar di edit2 kaya apa juga tetap aja ketiak hitam nya ga bisa di bohongin""";0
159;Bullying;sumpah apapun lengan nya gede sekali;"""Sumpah demi apapun.. Lengan nya gede banget""";0
160;Bullying;selamat ulang umur ketemu dajjal;"""Selamat ulang tahun panjang umur sampai ketemu dajjal""";0
161;Bullying;ketiak hitam buluk kamu edit nutupin daki diketek kamu aka hitam ketiak kamu dasar dugong rosameldianti_;"""Ketiak hitam buluk mau lu edit nutupin daki diketek lu tetap aka hitam ketiak lu, dasar Dugong @rosameldianti_""";0
162;Bullying;atm tinggal 150 ribu saja gaya kamu dugong;"""Di atm tinggal 150 ribu aja banyak gaya lu dugong""";0
163;Bullying;tidak bagus2nya suara polanya;"""Gak ada bagus2nya suara dan polanya?.""";0
164;Bullying;si meldi jelek saja gaya beda sekali sama tante n sepupunya sudah jelas2 cantik;"""Si Meldi jelek aja banyak gaya. Beda banget sm tante n sepupunya yang udah jelas2 cantik""";0
165;Non-bullying;sudah berubah tidak mirip saya lihat;"""Tapi dia sekarang dah berubah gak kayak dulu kalau yang gue lihat""";1
166;Bullying;ngedit ketiaknya sudah ya sampai ngeblur pisan putihnya kek cat tembok;"""Ngedit ketiaknya berapa lah dah itu ya ampe ngeblur pisan.. Putihnya kek cat tembok""";0
167;Bullying;aduh dugong saja gila filter;"""Aduh dugong masih aja gila filter?.""";0
168;Bullying;muka saja didempul ketiak;"""Sekarang bukan muka aja yang didempul, tapi ketiak juga""";0
169;Bullying;kasihan kebelet artis tidak bakat;"""Kasian kebelet artis tapi gak punya bakat""";0
170;Bullying;peliharaannya lepas tolong diangkut;"""Yang merasa peliharaannya lepas, tolong diangkut""";0
171;Non-bullying;miris sekali ultah didoain baik2 bully kasihan god bless u mel;"""Miris banget? ultah bukan didoain yang baik2 tapi tetap di bully kasian !! God bless u mel""";1
172;Bullying;mudah mudahan kamu jelek amin ya allah;"""Mudah mudahan lu jadi gembel. Amin ya Allah""";0
173;Bullying;ketiaknya hitam dikasih bedak nya abu monyet;"""Ketiaknya hitam dikasih bedak jadi nya abu"" monyet""";0
174;Non-bullying;heran saya mah tidak suka tidak usah follow sudah tahu ni akun private kalau kamu follow ngebuli tanda nya kamu sirik tidak suka ya tidak usah diliat kaya sempurna saja;"""Heran gua mah kalau gasuka gausah di follow dah tau ni akun private kalo lu tetap follow dan ngebuli tanda nya lu sirik. Gasuka ya gausah diliat, kaya dirinya sempurna aja""";1
175;Bullying;saya berharap kamu saja si yang sakit laura lol;"""Gua berharap lu aja si yg sakit bukan laura lol""";0
176;Bullying;kamu saja menderitaaa lora anj;"""Harusnya lo aja yang menderitaaa bukan lora anj!!!!!!!!!""";0
177;Bullying;gaga sempet benar lora kamu tinggalin kamu orang jahat tidak kamu tidak bahagia tidak;"""GAGA SEMPET BENERAN LORA LO TINGGALIN, LO ORANG PALING JAHAT GA!!!! LO GAK BAKAL BAHAGIA GA""";0
178;Bullying;kamu benar tidak kalau sempet menyakiti lora saya santet;"""Lu bener' ga.kalo sempet nyakitin lora gue santet!!!!!""";0
179;Bullying;si gaga kek anjing;"""Si gaga kok kek anjing""";0
180;Non-bullying;semangat gaga liat kebelakang fokus saja kedepan muda yang;"""Semangat gaga, jangan liat kebelakang fokus aja kedepan, masih muda masih banyak yg lebih baik juga.""";1
181;Bullying;tidak cantiknya gila;"""Gak ada cantiknya. Gila yang ada""";0
182;Non-bullying;meldi bersinar yaaa pertahanin karir jangan sia siain;"""meldi makin bersinar yaaa, pertahanin karir jgn di sia siain""";1
183;Non-bullying;semangat apapun dalah dimata pembenci;"""Tetap semangat?. sebaik apapun kamu akan dalah Dimata pembenci?..""";1
184;Bullying;asli tidak bebet tidur ni anak kasihan;"""Asli gak ada bebet bobo ni anak. kasihan sekali.""";0
185;Bullying;kumat semedinya segini keluarnya;"""kumat? lama semedinya segini keluarnya""";0
186;Bullying;tangannya hitam beda ama muka;"""Tangannya hitam? beda ama muka""";0
187;Bullying;meldi foto gendut beda;"""Kok meldi di foto aku gendut beda""";0
188;Bullying;gatau sih cantik tidak aura nya cantik idih begitu lihatnya yaa;"""Gatau sih, cantik tapi gak ada aura nya sama sekali . Cantik tapi idih gitu lihatnya , kenapa yaa ??""";0
189;Non-bullying;buruk nya buruk mata tidak menyukai mu;"""Baik buruk nya kamu akan tetap terlihat buruk di mata mereka yang ga menyukai mu..""";1
190;Bullying;gila ni siluman story orang kelihatan sekali tumpukan2 lemaknya buriknya;"""Gila ni siluman,, di story orang lain keliatan banget tumpukan2 lemaknya, buriknya apalagi""";0
191;Bullying;dasar bodoh kamu saya jijik kamu bro mirip tidak otak sekali;"""Dasar Bego lu.. gua jijik sama lu bro kayak gak punya otak banget""";0
192;Bullying;kamu kamu bagus tuh anjing wkwkw;"""Lo kira lo bagus tuh begitu anjing wkwkw""";0
193;Non-bullying;maafin aaa semoga jera kedepannya;"""Di maafin aaa? semoga dia jera untuk kedepannya?""";1
194;Bullying;eh bocah mending kamu mati saja tidak orang mirip kamu hahahahaha;"""Eh bocah mending Lo mati aja GAK guna juga ada orang kayak lo hahahahaha""";0
195;Non-bullying;btw video bohong nya pas tidak percaya lihat tribun news hujat ya;"""Btw yang video tapi boong itu dia buat nya tahun lalu bukan pas masalah yang sekarang kalau gak percaya lihat tribun news jadi jangan hujat dia lagi ya""";1
196;Non-bullying;okay bro kalem saja semangat putus asa;"""Okay bro kalem aja, tetap semangat dan jangan putus asa""";1
197;Bullying;kamu mati saja sudah biar tidak bikin ribet;"""Lu Mati ajalah . Udah biar gak bikin ribet""";0
198;Bullying;sampah masyarakat musnahkan;"""SAMPAH MASYARAKAT HARUS DI MUSNAHKAN SEGERA""";0
199;Bullying;mati kamu najis kontol bangsat mati kamu;"""MATI KAU NAJIS KONTOL BANGSAT MATI KAU""";0
200;Bullying;youtuber toxic tutup akunmu tutup usia;"""youtuber toxic, tutup akunmu sekalian tutup usia""";0
201;Non-bullying;ribet mirip sudah saja kamu;"""Pada ribet kayak udah pada benar aja lu semua""";1
202;Non-bullying;hitam diatas putih langsung proses;"""Jangan ada hitam diatas putih. Langsung proses""";1
203;Non-bullying;sayang anaknya ya serahkan saja polisi biar didik;"""Kalau sayang sama anaknya ya di serahkan aja ke polisi biar di didik sekalian""";1
204;Bullying;manusia hewan sih tidak hati sekali;"""Manusia apa hewan sih kok gak punya hati banget""";0
205;Bullying;manusia anjing cari uang begitu kamu kerja saja saya nyebokin saya nanti saya gaji kamu;"""Manusia anjing. Nyari uang gitu amat. Lo kerja aja sama gue nyebokin gue ntar gue gaji lo.""";0
206;Bullying;maklum anak pendidikan mirip begitu tidak akhlak;"""maklum anak kurang pendidikan kayak gitu gak punya akhlak""";0
207;Bullying;anjing anak tidak tahu ibunya nangis2;"""Anjing memang anak gak tau diri. ibunya sampai nangis2""";0
208;Bullying;oi babi saya bunuh kamu sumpah;"""oi babi gue bunuh lu kalau sampai kelihatan sumpah""";0
209;Bullying;heee sampah kamu sudah saya maafin bohong goblok;"""Heee sampah lu udah gua maafin TAPI BOONG GOBLOK""";0
210;Bullying;anjing kamu baku hantam ayo;"""ANJING SINI LO BAKU HANTAM AYO""";0
211;Non-bullying;bangkit ya bang lemah pelajaran ujian kamu bang;"""Bangkit ya bang jangan lemah buat pelajaran dan ujian buat lu jadi yang lebih baik lagi bang""";1
212;Non-bullying;patah semngat kak sukses;"""Jangan patah semngat kak sukses terus""";1
213;Non-bullying;semangat ferdian tidak usah dengerin orang hujat manusia luput kesalahan;"""Semangat Ferdian gausah dengerin orang yang hujat kamu, karena semua manusia tidak luput dari kesalahan""";1
214;Non-bullying;sumpah respect sekali;"""Sumpah sekarang aku respect banget sama kamu""";1
215;Non-bullying;menurutku pribadi tulus maafnya;"""Menurutku pribadi, dia tulus minta maafnya?.""";1
216;Bullying;dikasih bidadari maunya boneka santet;"""DIKASIH BIDADARI MAUNYA BONEKA SANTET""";0
217;Non-bullying;hilang respect saya jane sudah setia sangat kamu kamu nya main cewek pas sudah dari penjara lol;"""Ilang respect gue.. padahal jane udh setia bgt sama lu, tapi lu nya main cewe pas udh keluar dri penjara.. lol""";1
218;Non-bullying;hapus saja ni poto tidak tahu malu sangat kamu bang;"""Hapus ajh ni poto ngk tau malu bgt lu bang""";1
219;Bullying;intinya tidak suka ajg listy ngrusak suasana;"""Intinya gasuka ajg selama ada listy . Ngrusak suasana""";0
220;Bullying;foto 2 anjing 1 kontol;"""Di foto ini ada 2 anjing dan 1 kontol""";0
221;Non-bullying;kasihan sekali jane sudah nunggu penjara eh tahunya waw sakit siih;"""kasian banget Jane udah nunggu keluar penjara eh taunya :), waw sakit siih""";1
222;Bullying;puny cewk selingkuhin tidak ngotak;"""Puny cewk baik di selingkuhin g ngotak""";0
223;Bullying;ingat yang potong nya hubungan nya kalau sudah gini sembeleh saja orang nya sudah terlanjur kecewa;"""Inget yg di potong itu masalah nya bukan hubungan nya, tapi kalo udah gini sembeleh aja orang nya :) udah terlanjur kecewa""";0
224;Non-bullying;konten putus foto tabi jessica tidak dihapus;"""Ini buat konten.. masa putus foto tabi sama jessica engga dihapus ?""";1
225;Non-bullying;makan dibikin ama jess tetapi ngehianatin gila sih;"""Tiap mau makan dibikin ama jess tpi malah ngehianatin gila sih""";1
226;Non-bullying;parah kamu bang nama kamu sudah rusak karena narkoba tambah saja truss;"""Parah lu bang nama lu udh rusak karna narkoba malah nambah masalah ajh truss""";1
227;Bullying;anjing ya erick;"""Ini anjing Kok mirip ya sama Erick""";0
228;Bullying;muka pas an sok sok an sama lonte kamu anjing;"""Muka Pas""an sok sok an mau sm lonte lo anjing""";0
229;Bullying;kamu anjingnya anjingnya;"""Lu sama anjingnya, lebih baik anjingnya""";0
230;Bullying;ih babi jangan megang tuh anjing harga dripada kamu;"""IH ADA BABI JGN MEGANG TUH ANJING HARGA DIRINYA LEBIH TINGGI DRIPADA LO""";0
231;Non-bullying;santuy saja bang tidak tanggepin btw saya suka gaya kamu;"""Santuy aja bang ga usah di tanggepin,btw gw suka gaya lo""";1
232;Bullying;narkoboy kontol main cewek menyakiti saja kamu anjing mati saja kamu bodoh;"""Narkoboy kontol, Cuma bisa maen cewe sama nyakitin doang lu anjing, mati aja lu bego""";0
233;Bullying;tetap penjara saja ajg nyusahin kamu;"""TETEP PENJARA AJA AJG NYUSAHIN LO KELUAR""";0
234;Non-bullying;cewek cakap setia disia sia in sahabat;"""cewe cakep, setia kok disia sia in sahabat""";1
235;Bullying;loh aku liatnya anjing yaa;"""loh kok ak liatnya anjing semua yaa""";0
236;Bullying;anjingnya guys saya liat babi hitam;"""Anjingnya ada dua kok guys, tapi kok lagi satu gue liat ada babi item""";0
237;Bullying;mantan anjing eh kebalik anjing mantan;"""Mantan Anjing, eh kebalik anjing mantan""";0
238;Non-bullying;bikin skandal ingin tenar;"""Bikin skandal karena kepengen tenar?""";1
239;Bullying;wiii anjay liat babi megang 2 anjing;"""Wiii anjay kapan lagi liat babi megang 2 anjing""";0
240;Bullying;foto babi memeluk anjing yang pemilik nya bidadari;"""Ini adalah foto babi sedang memeluk anjing yg pemilik nya adalah bidadari""";0
241;Bullying;babi tidak pantes nyentuh anjingnya bidadari kotor;"""Babi g pantes nyentuh anjingnya bidadari, nanti kotor.""";0
242;Bullying;anjing foto ya;"""SESAMA ANJING FOTO DULU YA KAN""";0
243;Bullying;potret seorjing memegang anjing kwkw;"""potret seorjing memegang anjing kwkw""";0
244;Non-bullying;heh sudah kenapa hate nya capai saya baca nya;"""HEH UDH NAPA HATE NYA CAPE GW BACA NYA""";1
245;Bullying;ganteng anjingnya eh eh kamu tidak pantes anjing anjing setia pantesnya sih babi hahahaha;"""WADUH MALAH LEBIH GANTENG ANJINGNYA. EH EH BAHKAN LU GA PANTES DISEBUT ANJING. ANJING KAN SETIA PANTESNYA SIH BABI HAHAHAHA""";0
246;Bullying;kalau lomba an sama babi babi nya nomor 2;"""kalo lomba sama""an sm babi, babi nya nmr 2""";0
247;Bullying;si anjing berfoto si anjing;"""Si anjing ketika berfoto dengan si anjing""";0
248;Non-bullying;kak jessica yang tunggu setia sama kartu keluarga loh pas ada kemarin kartu keluarga tidak ngehargain lebih pilih yang di sono;"""Kak jessica yg nungguin+setia sm kk loh pas ad masalah kmrn. Tapi kk ga ngehargain malah lbh milih yg d sono""";1
249;Bullying;erikontolim manusia babi anak lonte;"""erikontolim manusia babi anak lonte""";0
250;Non-bullying;hargailah hati wanita sudah tulus menemani kamu 0;"""HARGAILAH HATI WANITA YANG UDH TULUS NEMENIN LO DARI 0!!!""";1
251;Non-bullying;bagus sih erick mutusin jessica ya karena erick kelakuan nya begituu coba liat jessica;"""Tapi bagus sih erick mutusin Jessica ya karna Erick kelakuan ny begituu coba liat Jessica""";1
252;Bullying;anjing hebat ya pakai kacamata;"""Anjing sekarang hebat ya, bisa pake kacamata""";0
253;Non-bullying;sudah lh nasi sudah jadi bubur tidak dibentuk kek semulaaa;"""Sdh lh nasi udah jdi bubur ga bisa lagi dibentuk kek semulaaa""";1
254;Non-bullying;kukira kehadiranmu kebanggaan;"""Kukira kehadiranmu akan menjadi sesuatu kebanggaan, ternyata tidak""";1
255;Bullying;3 ajg yang tato benar-benar ajg;"""Ada 3 Ajg Dan Yg Punya Tato Bener2 Ajg""";0
256;Bullying;dasar orang tua tidak ada akhlak ngajarin anaknya tidak benar;"""dasar orang tua gada akhlak,ngajarin anaknya yang ga bener""";0
257;Non-bullying;erik sih jelasin saya tidak update maap2;"""Erik kenapa sih? Ada yang bisa jelasin gw ga update soalnya.. maap2""";1
258;Bullying;eh anjingnya ci jessica saya lempar kamu;"""Eh jangan dekat dekat sama anjingnya ci Jessica gua lempar lu""";0
259;Non-bullying;guys dari pada comment2 mending unfoll sama unsubscribe saja yaa;"""guys dr pd comment2 mending unfoll sm unsubscribe aja yaa""";1
260;Bullying;babi main ma anjing;"""Babi lagi main ma anjing :)""";0
261;Bullying;dikasi bidadari pilih babi;"""Dikasi BIDADARI MALAH PILIH BABI""";0
262;Non-bullying;postingan juga dihujat gila netijen;"""Postingan pertama jg dihujat dong gila netijen""";1
263;Bullying;kali lihat anjing babi baikan;"""BARU KALI INI LIHAT ANJING SAMA BABI BAIKAN?""";0
264;Bullying;dikasih bidadari pilih setan;"""Dikasih bidadari malah milih setan""";0
265;Non-bullying;saya tidak benci ama kamu bro tetapi saja tingkah kamu melenceng;"""Padahal gw g mau benci ama lu bro, tpi ada aja tingkah lu yang melenceng:(""";1
266;Bullying;sikap mu najis ludah anjing;"""SIKAP MU LEBIH NAJIS DARIPADA LUDAH ANJING!""";0
267;Non-bullying;njir sudah nih poto post yang komen baru2;"""Njir meskipun udh lama nih poto di post tapi masih banyak yg komen baru2""";1
268;Non-bullying;kesini hanya mau liat komen saja;"""kesini cmn mo liat komen aja""";1
269;Non-bullying;buset hate comment sampai postingan;"""Buset hate comment ampe postingan paling bawah""";1
270;Non-bullying;foto upload nya 20 maret comment 1 jam 2 jam 3 jam yang;"""Foto di upload nya 20 maret yang comment 1 jam 2 jam 3 jam yg lalu""";1
271;Bullying;pantes utang bayar lonte;"""Pantes banyak utang buat bayar lonte""";0
272;Bullying;2 3 tutup botol muka kamu kek kontol wkwk;"""2 3 tutup botol muka lu kek kontol wkwk""";0
273;Non-bullying;astaga pagi dibikin terbahak-bahak ama komenan netijen yang berbicara suka benar;"""astaga masih pagi dibikin ngakak ama komenan netijen yg ngmng suka bener""";1
274;Non-bullying;sudah saya capai baca komen;"""Dah lah. Gw capek baca komen kalian""";1
275;Bullying;kelihatan sangat anjingnya ketakutan foto dakjal;"""Keliatan bgt anjingnya ketakutan foto sama dakjal""";0
276;Non-bullying;astaga ngehujat sampai postingan;"""Astaga ngehujat sampe postingan paling bawah""";1
277;Bullying;najis elu anjing;"""Lebih najis elu daripada anjing!""";0
278;Bullying;2 ekor anjing buaya makan jambut;"""2 ekor anjing dan satu buaya makan jambut""";0
279;Bullying;kalau disuruh melihara anjing eric saya pilih anjing saja najis najisan erick kontol;"""Kalo disuruh melihara anjing/eric gw pilih anjing aja meski Najis tapi lebih najisan erick kontol""";0
280;Non-bullying;ngapain si ngejudge mikir putus kejadian tolol;"""Ngapain si pada ngejudge? Mikir dulu lah dia putus juga sebelum kejadian itu tolol""";1
281;Non-bullying;hargai wanitamu didekati pria memilihmu;"""Hargai wanitamu dia didekati banyak pria tetapi tetap memilihmu""";1
282;Bullying;sipat anjing anjing saja ya manusia sipat anjing;"""Ternyata sipat anjing bukan hanya ada di anjing doang ya,di manusia sipat anjing juga ternyata ada""";0
283;Bullying;potret anjing poto setan;"""Potret ketika anjing poto dengan setan""";0
284;Bullying;bantu bedainn woyy anjing babi;"""BANTU BEDAINN WOYY MANA ANJING MANA BABI""";0
285;Non-bullying;udaah woii udahh kamu tidak kasihan capai ngelike komenan;"""Udaah woii udahh lu gak kasihan apa?. Aku capek ngelike komenan kalian""";1
286;Bullying;3 anjing 1 anjing berwujud manusia 2 anjing asli perwujudan aowkwkw;"""3 anjing 1 anjing berwujud manusia, 2 anjing asli tak ada perwujudan aowkwkw""";0
287;Bullying;kasihan saya anjingnya dipegang dajjal;"""Kasian gue sama anjingnya dipegang dajjal""";0
288;Bullying;kasihan anjing nya pegang babi;"""Kasian anjing nya di pegang babi""";0
289;Bullying;kamu kontol tidak ajg anak dakjal;"""Lo itu kontol gak guna ajg anak dakjal""";0
290;Bullying;mukak kamu buruk anjing kamu;"""mukak lu lebih buruk daripada anjing lu""";0
291;Bullying;dikasi bening pilih dakian;"""dikasi yang bening malah milih yang dakian""";0
292;Bullying;mending masuk penjara saja sudah seumur hidup;"""Mending masuk penjara lagi aja dah seumur hidup""";0
293;Bullying;lebih lucu anjingnya ya ktimbang orangnya;"""Kok lbih lucu anjingnya ya ktimbang orangnya""";0
294;Bullying;jesica lepas kambing hitam;"""Akhirnya jesica bisa lepas dari kambing hitam ini""";0
295;Non-bullying;maafin saja bro orang kesalahan kesalahan nasehatin saja tahu berubah;"""Maafin Aja Bro Semua Orang Pasti Ada Kesalahan Dia Juga Pasti Ada Kesalahan Nasehatin Aja Siapa Tau Dia Berubah""";1
296;Bullying;kasihan anjingnya dipeluk sma sampahh;"""Kasian anjingnya dipeluk sma sampahh""";0
297;Non-bullying;saya penjara berubah;"""Gua kira keluar dari PENJARA bisa berubah""";1
298;Non-bullying;cintamu sebatas kertas wkwkw enteng bang;"""Cintamu hanya sebatas kertas wkwkw enteng bang""";1
299;Non-bullying;jane respect sekarang benar-benar sudah hilang respect;"""Padahal sejak dia sama Jane aku lebih respect :( skrg bener2 udah hilang respect :(""";1
300;Bullying;sudah menemani tersulit kamu pas sudah selingkuh tidak sangka idola saya sesampah;"""udah nemenin dari masa tersulit lo pas udah keluar malah selingkuh, ga nyangka idola gua sesampah itu.""";0
301;Non-bullying;dihujat habis an postingan komen wkwk;"""Dihujat habis""an semua postingan lama ada komen baru wkwk""";1
302;Bullying;saya tidak bisa bedain anjing manusia keliatannya;"""Gua gabisa bedain mana anjing mana manusia, keliatannya sama""";0
303;Non-bullying;kamu anaknya kick andy yang namanya marlo bang;"""Lu mirip anaknya kick andy yg namanya marlo bang""";1
304;Non-bullying;orang karena orang jahat;"""Kenapa ada orang baik ? Karna ada orang jahat""";1
305;Non-bullying;tidak niatan mengadakan pengajian begitu bang;"""Ngga ada niatan ngadain pengajian gitu bang?""";1
306;Non-bullying;suka sekali rambutnyaa ganteng;"""Suka banget sama rambutnyaa tambah ganteng""";1
307;Bullying;abatartila saja kaya gini bilang king king muka nya sudah kaya tai musang;"""@abatartila Ada ada aja kaya gini di bilang king, king muke nya udh kaya tai musang""";0
308;Bullying;tinggalkan berlian tai babi dih;"""Ninggalin berlian demi tai babi dih""";0
309;Bullying;ganteng kaga kamu kelihatan kaya daki kontol;"""ganteng kaga lu begitu malah keliatan kaya daki kontol""";0
310;Bullying;mukak kamu mirip tapir kuda asu sok ganteng sekali kamu;"""Mukak lo kayak tapir kuda asu sok ganteng banget lo""";0
311;Non-bullying;yang kecewa kamu rik;"""Banyak yg kecewa karena lu begini rik!!!!""";1
312;Bullying;maaf ye muka kamu sudah jelek kaga sok selingkuh cakepan anjing saya noh;"""Maap ye?muke lu udh jelek kaga usah sok selingkuh,cakepan anjing gua noh""";0
313;Bullying;si hebatnya banci yang badannya penuh koreng kaya kamu;"""Apa si hebatnya banci yg badannya penuh koreng kaya lo""";0
314;Bullying;gini bersihan kaga kek dekil;"""Gini dong bersihan kaga kek tahun tahun sebelumnya dekil""";0
315;Bullying;muka kamu keriput kek aki aki;"""Muka lu keriput kek aki aki""";0
316;Non-bullying;foto jelek dihujat foto ganteng dibilang sok ganteng;"""Foto jelek dihujat, foto ganteng dibilang sok ganteng""";1
317;Bullying;kebanyakan nyabu kurus kamu;"""kebanyakan nyabu jadi kurus lu""";0
318;Bullying;narkoboyy ngeluarin lidahh ajg tes urin;"""NARKOBOYY NGELUARIN LIDAHH, AJG MAU APA, MAU TES URIN""";0
319;Bullying;fotolu pede anjrit muka kamu itu anjrit;"""Fotolu pede anjrit muka lu tu anjrit""";0
320;Bullying;hidup jangan boss playboy ajg luu;"""Hidup itu jngn keterlaluan boss playboy amat ajg luu""";0
321;Bullying;mukalu kek aktor bokep bgst mending ngobat saja luu;"""Mukalu kek aktor bokep bgst mending ngobat aja luu""";0
322;Bullying;sudah jelek semangattt pulak wkwk;"""dah jelek semangattt pulak WKWK""";0
323;Bullying;muka nya begitu seren bikin mual liatnya;"""Muka nya kok gitu, seren bikin mual liatnya""";0
324;Bullying;anjing ngewe ama lonte bangsat;"""Sana anjing ngewe ama lonte bangsat""";0
325;Bullying;muka kek kontol mending penjara;"""Muka kek kontol mending di penjara""";0
326;Bullying;muka kek banci dih najis;"""muka kek banci dih najis""";0
327;Bullying;nanti mati konyol;"""Ntar Mati dalam keadaan konyol""";0
328;Bullying;bilang jelek nya tidak enak hehe;"""mau bilang jelek nya ga enak hehe ?""";0
329;Bullying;idihhhhh pantas saja foto nya keluarin lidah seperti begitu ternyata tukang jilat;"""Idihhhhh pantesan aja foto nya keluarin lidah kyk gtu. Trnyata tukang jilat?""";0
330;Bullying;nih orang kalau lomba babi babinya juara 2;"""NIH ORANG KALO LOMBA MIRIP BABI,BABINYA JUARA 2""";0
331;Bullying;titisan dakjal memang kamu nyet;"""Titisan dakjal emg lo nyet""";0
332;Bullying;et muka kamu saja begitu dih hahaha biarin saja sampah ketemu sampah biar busuk;"""Et muka lu aje gitu dih hahaha. Biarin aja sampah ketemu sampah biar busuk bersama""";0
333;Bullying;jijik astagah sok bat cakap njs;"""Jijik astagah sok bat cakep njs""";0
334;Non-bullying;bully an ig ngeri facebook ajg saya ngerii ajgg;"""Bully an di ig lebih ngeri daripada di fb ajg gua jadi ngerii! Ajgg";1
335;Bullying;sudah buriq brengsek pantes saja dapat lonte;"""udah buriq brengsek pula pantes aja dapet lonte""";0
336;Bullying;muka kampung gaya sok soan kota nyet;"""MUKA KAMPUNG GAYA SOK SOAN KOTA NYET""";0
337;Bullying;ngapa lidah kamu stroke amin deh begitu;"""Ngapa lidah Lo stroke amin deh kalau gtu""";0
338;Bullying;ciah dihujat 1 indonesia sampai bunuh ya komtoll belum puas nguat kauuu;"""Ciah dihujat 1 Indonesia jangan sampe bunuh diri ya komtoll kami blom puas nguat kauuu""";0
339;Bullying;orang kampung otak dusun gaya sosoan hype tetap saja tidak bisa nutupin muka babu kamu;"""Org kampung otak dusun gaya sosoan hype. Ttep aja gabisa nutupin muka babu lu.""";0
340;Bullying;cowok foto lihat lidah nya jam ah jijik saya minus akhlak kek gini;"""Cowo foto liatin lidah nya jam ah jijik gue. Apa lagi minus akhlak kek gini""";0
341;Bullying;anjing saya juga ogah liat muka kamu;"""ANJING gue jg ogah liat muke lu""";0
342;Non-bullying;tidak boleh melet dosaa rik;"""G bole melet dosaa rik""";1
343;Bullying;paan melet melet jilat tai tabi;"""paan melet melet mau jilat tai tabi?""";0
344;Bullying;setan memang melet2 teross jijik asuuu;"""Setan emg melet2 teross jijik asuuu""";0
345;Bullying;ni anak lahir karena kondom bocor tidak syukur muka seperti selangkangan gorilla dapat cewek cntik seperti jessica setia dan lain lain sia2in bgsad;"""ni anak lahir krna kondom bocor.. ga ada rasa syukur muka kyk selangkangan gorilla dpt cewe cntik kyk jessica setia dll malah di sia2in bgsad""";0
346;Bullying;si melet2 sok ganteng;"""Apaan si melet2 sok ganteng""";0
347;Bullying;muka kek slangkangan biawak saja banyak blagu kamu;"""Muka kek slangkangan biawak aje bnyk blagu lu""";0
348;Non-bullying;sumpah sih jahat sekali benar-benar kasihan kak jessica;"""Sumpah sih jahat banget. Bener2 kasian sama kak jessica""";1
349;Bullying;anjing tidak pantes bidadari;"""Anjing gk pantes sama bidadari.""";0
350;Bullying;melet terus setan kaya ular;"""MELET MULU SETAN KAYA ULAR""";0
351;Bullying;njr melet melet saya kirain hewan;"""Njr melet melet gw kirain hewan""";0
352;Bullying;begitu saja deh kek anjg kamu kang;"""Gtu aj dh kek anjg lo kang""";0
353;Non-bullying;saya kesini pengen liat babang sumpah feeling saya benar sekali ama reynhard sinaga;"""Gw kesini pengen liat babang ini.. Sumpah feeling gw bener.. Mirip banget ama Reynhard Sinaga""";1
354;Bullying;ih ko melet2 si kaya hewan saja wkwkwkwk;"""Ih ko melet2 si kaya hewan aja wkwkwkwk""";0
355;Bullying;iuu pilih iblis daripada bidadarii kwkwkw jyjyq;"""Iuu milih iblis drpd bidadarii kwkwkw jyjyq""";0
356;Bullying;melet2 sudah kaya anjing eh emah anjing;"""MELET2 UDAH KAYA ANJING, EH KAN EMAH ANJING""";0
357;Bullying;tidak nyadar saja nih sampah haha;"""ga nyadar aja nih sampah HAHA""";0
358;Bullying;lidah kuman and virus nih;"""Lidah banyak kuman and virus nih""";0
359;Non-bullying;ngira baju endorse kfc;"""Awalnya ngira baju endorse dari KFC, mirip '-'""";1
360;Non-bullying;saya kamu berkarya perbaiki tinggalkan yang negatif terlambat tetap orang yang hebat bahagia xrickolim;"""GUA MAU LO TERUS BERKARYA , PERBAIKI, TINGGALKAN YG NEGATIF , TIDAK ADA KATA TERLAMBAT , TTP JADI ORANG YG HEBAT DAN SELALU BAHAGIA @xrickolim""";1
361;Bullying;cita cita pakboi eh narkoboy nasib nasib;"""Cita cita ingin jadi pakboi , eh tapi malah jadi narkoboy nasib-nasib""";0
362;Bullying;kenapa kamu penjara sih;"""Napa lu balik dari penjara sih?""";0
363;Non-bullying;mending kamu tobat sudah;"""Mending lu pada tobat dah""";1
364;Bullying;dipenjara apalo sikat gigi bau ya baubau aroma bangsatttt;"""selama dipenjara apalo sikat gigi? KOK BAU YA, BAUBAU AROMA BANGSATTTT""";0
365;Bullying;gigi kamu apanya jigong kondom nya nyangkut;"""Gigi lo ada apanya? Jigong? Atau kondom nya nyangkut?""";0
366;Bullying;ih mukanya kek anjing rumah gwa;"""ih mukanya kek anjing rumah gwa""";0
367;Bullying;woi anak anjing ngapain kamu hidup bgst;"""woi anak anjing ngapain lu hidup bgst""";0
368;Bullying;sudah jelek tidak di jelek2 in bro;"""Udah jelek gak usah d jelek2 in lagi bro""";0
369;Bullying;ganteng tidak berbakat tidak kelebihannya di mana cobak;"""Ganteng kagak berbakat juga kagak kelebihannya dimana cobak?""";0
370;Bullying;benci saja ama orang jelek pakai selingkuh;"""Benci aja Ama orang jelek pake selingkuh segala""";0
371;Bullying;sudah tutup mulut nya bau kambing;"""Udah tutup mulut nya bau kambing""";0
372;Bullying;jualan jualan kenapa tidak yutuber bro takut tidak yang nonton yah;"""Jualan jualan knp ngga jadi yutuber lagi bro takut ngga ada yg nntn yah""";0
373;Non-bullying;mirip randy pangalila kalau tidak pakai kacamata;"""Kayak Randy Pangalila klo gk pake kacamata""";1
374;Non-bullying;kenapa liat muka bagi eric kaya enak begitu yang;"""Entah knp liat muka BG Eric sekarang kaya enak gitu .. dari pada yg dulu""";1
375;Bullying;ganteng nyasih anjing kucel gini jadi model;"""Apa ganteng nyasih anjing.. Kucel gini jadiin model""";0
376;Bullying;sepertinya ngeliat hancur deh;"""keknya dia ngeliat masa depan yang hancur deh""";0
377;Bullying;ingett hidup kamu tidak seenak rikkk hidup kamu susah salam teman smp pas kamu burikkk eh sekarang saja;"""INGETT HIDUP LO DULU GA SEENAK INI RIKKK. HIDUP LO SUSAH!!!! SALAM TEMEN SMP PAS LO BURIKKK. EH SKRG SAMA AJA""";0
378;Bullying;yaaaa yaaa kalau liat muka nya sumpah ngeselin sekali sudah operasi sono biar gantengan sedikit kalau jalan mall tidak kenal orang;"""Yaaaa yaaa kalo liat muka nya sumpah ngeselin banget dah?.oprasi dulu sono..biar gantengan dikit.. Dan kalo jln ke mall gk di kenal orng.""";0
379;Bullying;sih artis jelek mah iya mukanya iyuhhh;"""dia ini siapa sih??? Artis bukan, jelek mah iya mukanya iyuhhh""";0
380;Bullying;era kamu mending kamu mati saja babi kalau baca balas nyet;"""Ini bukan era lo lagi, mending lo mati aja babi. Kalo baca bales nyet""";0
381;Non-bullying;segenap hati maaf;"""Saya segenap hati minta maap""";1
382;Bullying;bahagia utang;"""Dulu Bahagia Sekarang Banyak Utang""";0
383;Non-bullying;maju berkelas rik tidak jamannya lagi toxic tidak beraturan build sistem you will be big;"""Harus lebih maju berkelas rik!! Ga jamannya lg toxic dan ga beraturan.. build sistem!! You will be BIG""";1
384;Non-bullying;editan konsepnya nice sekali lahhh;"""editan sama konsepnya nice banget lahhh""";1
385;Bullying;iri babi hahah najis;"""iri kok sama babi hahah najis""";0
386;Bullying;kamu kaya anjing kaya babi;"""LO YANG DULU BUKANLAH YANG SEKARANG DULU KAYA ANJING SEKARANG KAYA BABI""";0
387;Bullying;jelek saja tukang selingkuh kamu buriq;"""Jelek aja tukang selingkuh lo buriq !""";0
388;Non-bullying;komennya kek gini ya;"""kok kalian komennya pada kek gini ya""";1
389;Bullying;rick kamu tuh manusia kek tidak gunanya kamu dilahirin kedunia berbuat sayang nya kamu ngecewain orang gimana mau masuk surga;"""Rick lu tuh jadi manusia kek gk ada gunanya lu dilahirin kedunia untuk berbuat baik, sayang nya lu ngecewain org lain gimana mo masuk surga""";0
390;Non-bullying;kaloga cocok paksain;"""Kalian kaloga cocok mau di paksain?""";1
391;Non-bullying;ya biarin xrickolim gatau gimana aslinya ambil keputusan kalau sudah takdir tidak ada nentang njir;"""ya biarin @xrickolim kita gatau gimana aslinya masa kalian semua ambil keputusan sepihak?kalo udah takdir gaada yang bisa nentang njir""";1
392;Bullying;cocok memang orang mah orang kalau yang bejat mah memang cocok bejat ehehe;"""Cocok kok, emang orang baik mah buat org baik, kalo yg bejat mah emang cocok buat yang bejat juga ehehe""";0
393;Bullying;erick goblok pacaran ama lonte anj so bat;"""ERICK GOBLOK,MALAH PACARAN AMA LONTE ANJ,SO BAT""";0
394;Bullying;cocok sekali sama2 orang tidak benar biar hancur;"""Cocok banget sama2 orang gak bener biar lah dia hancur bersama""";0
395;Bullying;eh kek penampakan lonte;"""EH KEK ADA PENAMPAKAN LONTE""";0
396;Bullying;meninggalkan berlian tai sapi;"""Meninggalkan berlian demi Tai Sapi""";0
397;Bullying;era kamu lagi wkwkw sekarang kamu penuh cacimaki telen ludah;"""Ini bukan era lo lgi, wkwkw skrng lo penuh dengan cacimaki, telen ludah sendiri""";0
398;Bullying;pantes mulainya si ajg berulah;"""Pantes disini mulainya si ajg berulah""";0
399;Bullying;open bo tidak bang si listy om om yang cari cewek yang sudah pengalaman;"""Open BO ga bang si listy? Kebetulan ada om-om yg nyari cwe yg udah pengalaman!!!!""";0
400;Bullying;buah nangka buah kemanggi tidak akhlak kamu babi;"""Buah nangka buah kemanggi gak ada akhlak lu babi""";0
401;Bullying;perlahan karirmu hancur bro kamu kebawan;"""Perlahan karirmu ancur bro dan lu akan kembali kebawan""";0
402;Bullying;biarkan sk69official bangkrut saja ceo nya gatau terima kasih haha;"""Biarkan @sk69official bangkrut aja. CEO nya gatau trimakasih haha""";0
403;Bullying;ngapain nginap rumah cowok tidak ada keluarga lagi kamu;"""ngapain juga nginap di rumah cowo, gaada keluarga lg lo?""";0
404;Bullying;eh pelakor pas sekali frame orang 3;"""Eh ada pelakor, pas banget frame ke tiga, orang ke 3""";0
405;Bullying;anak gblk dikasi berlian pilih kerikil;"""Anak gblk dikasi berlian malah milih kerikil""";0
406;Bullying;dikasih bidadari pilih dajjal awokawok v;"""Dikasih bidadari malah milih dajjal awokawok:v""";0
407;Non-bullying;hanya ngehina sadar tidak sempurna kaya;"""Jangan cuman bisa ngehina Dong Sadar Kalian Itu Ga sempurna sama kaya kami""";1
408;Bullying;kesihan saya orang otak dangkal kek gini;"""Kesihan gue sama org otak dangkal kek gini""";0
409;Bullying;murahh sekali kamu jijik saya dikick evos malah open bo;"""Murahh banget lo jijik gue ?. Dikick EVOS mlah open BO""";0
410;Bullying;senengnya menyesal nya seumur hidup miris sekali hidup kamu tolol meninggalkan berlian indah dipandang sayang segumpal tai kucing;"""senengnya sekali nyesel nya seumur hidup, miris banget hidup lu tolol meninggalkan berlian yang indah dipandang dan di sayang demi segumpal tai kucing""";0
411;Bullying;indahnya pemandangan lont lont jual;"""Indahnya pemandangan banyak LonT lonT mau di jual""";0
412;Bullying;bidadari ditunjukan memang tidak pantes sma dajjal tidak tahu;"""bidadari sudah ditunjukan , bahwa mmg g pantes sma dajjal g tau diri""";0
413;Non-bullying;tolong kasih tahu nya apaa gais;"""siapapun tolong kasih tau aku ini masalah nya apaa gais""";1
414;Bullying;dikasih hati yang malaikat pilih yang berhati iblis greget;"""dikasih hati yg malaikat milih yg berhati iblis greget:(""";0
415;Bullying;kasih bidadari pilih kotoran;"""Di kasih bidadari malah pilih kotoran""";0
416;Bullying;dikasih bidadari lonte;"""Dikasih bidadari malah minta lonte""";0
417;Bullying;tidak jadi beli model murahan barang murahan;"""Gajadi beli Model murahan barang pasti murahan""";0
418;Bullying;modelny saja murahan barangnya;"""Modelny aja murahan apalagi barangnya""";0
419;Bullying;muka macem pengamen gegayaan selingkuh untung sudah tidak sama jane lagi kebanting sama jane muka kamu;"""muka macem pengamen gegayaan selingkuh, untung udh ga sm jane lg, kebanting sm jane muke lu""";0
420;Bullying;males beli saya gara gara lonte;"""Males beli gua,gara gara ada lonte""";0
421;Bullying;bulug gini ya mukanya ehh maaf;"""Padahal bulug gini ya mukanya.. ehh,, maaf..""";0
422;Non-bullying;cantikan jessica ke mana;"""Padahal cantikan jessica kemana mana""";1
423;Bullying;dikasih bidadari pilih sampah;"""Dikasih bidadari malah milih sampah""";0
424;Bullying;yaelah muka pas an saja bangga kamu njing;"""yaelah muka pas""an aja bangga lu njing""";0
425;Bullying;pilih iblis bidadari haha;"""Wah ibarat lebih milih iblis daripada bidadari haha""";0
426;Bullying;rangga_kanahaya kenapa tidak truck sampah kek mukanya sampah;"""@rangga_kanahaya knp gk truck sampah, kek mukanya sampah""";0
427;Bullying;tidak jadi beli takut ketularan lonte nya;"""Gajadi beli, takut ketularan lonte nya""";0
428;Non-bullying;hujatan klean kasihan si listy kontrak nya di copot hujat dunia sangat kejam;"""hanya bisa melihat hujatan klean kasian si listy kontrak nya d copot , di hujat memang dunia sgt kejam""";1
429;Bullying;beli baju lonte nanti kena sial;"""Jangan beli baju lonte entar kena sial""";0
430;Bullying;dasar cewek kamu lonte tahu kamu;"""Dasar cewe lo itu LONTE tau kau!""";0
431;Non-bullying;sudah gapaham tolong;"""Disini pada kenapa dah? Aku gapaham tolong""";1
432;Bullying;ditengah manusia monyet kulitnya bercorak batik;"""Itu ditengah manusia apa monyet kok kulitnya bercorak batik""";0
433;Bullying;muka kamu anjing gwe ganteng anjing gwe rik;"""Muka lu sama anjing gwe..lebih ganteng anjing gwe rik""";0
434;Bullying;pens lonte jangan takut listi miskin karena dipecat karena bisa kaya lagi dengan ya nglonte;"""Buat kalian para pens lonte jgn tkut listi Miskin krna dipecat, krna dia bsa kaya lgi, dgn cara ya nglonte""";0
435;Bullying;etdah tinggalkan lonte situ waras mas wkwk;"""Etdah ninggalin yang baik demi lonte, situ waras mas wkwk""";0
436;Bullying;saya cewek murahan postingan;"""Gw melihat cewek murahan di postingan ini""";0
437;Bullying;sebelah kanan batik orang sudah warna nya kek taek babi si;"""yang kedua dari sebelah kanan itu batik apa orang dah? kok warna nya kek taek babi si?""";0
438;Bullying;ih ko muka jelek sekali siii seram kek setan;"""Ih ko muka jelek banget siii serem kek setan""";0
439;Bullying;foto ketiga jablay murahan;"""Itu yang foto ketiga jablay murahan bukan?""";0
440;Bullying;jelek saja tukang selingkuh kamu buriq;"""Jelek aja tukang selingkuh lo buriq !!!!""";0
441;Non-bullying;memang suci nghina segitu nya;"""Emang kalian se suci apa sampai nghina dia segitu nya""";1
442;Non-bullying;mending follow unfollow sudah tidak usah ribet;"""Mending yang follow pada unfollow Udeh gausah ribet""";1
443;Bullying;dekil tatoan mampus karir kamu hancurr pantek;"""Dekil tatoan, mampus karir Lo hancurr pantek""";0
444;Bullying;sudah berlian pilih batu nisan;"""Udah ada berlian malah milih batu nisan""";0
445;Bullying;alasan setan ama setan karena kalau setan bidadari sayapnya rontok diceker digigit dijambak2;"""Alasan setan ama setan, KARNA KALO SETAN SAMA BIDADARI, SAYAPNYA RONTOK, DICEKER, DIGIGIT, DIJAMBAK2""";0
446;Bullying;erick tidak akhlak jelek listy jelek;"""Lagian juga Erick gak ada akhlak jelek lagi Listy juga jelek""";0
447;Bullying;setan ma setan mahh memang cocokk udee;"""Setan ma setan mahh emg cocokk udee""";0
448;Bullying;lonte kurus pucet kek mayat hidup;"""Lonte kurus pucet kek mayat hidup""";0
449;Bullying;muka tutup panci wkwkekek jelek nya sampai ubun ubun;"""Itu muka apa tutup panci wkwkekek jelek nya ampe ke ubun ubun""";0
450;Non-bullying;xrickolim smngat terus bro tiada manusia yang sempurna kamu bangkit n gbu keepstrong;"""@xrickolim smngat trus bro tiada manusia yg sempurna kmu pasti bisa bangkit n jadi lebih baik GBU keepstrong""";1
451;Bullying;bodoh anak orang sudah tidak perawan noh gara kamu wkwkw;"""bego anak orang udah ga perawan noh gara"" lu wkwkw""";0
452;Bullying;frustasi habis uangnya kasihannn;"""Frustasi..Sudah habis uangnya..Kasihannn""";0
453;Non-bullying;bro kamu yang ngehujat erick tetapi masalah sok keras;"""Bro buat lu pada yg ngehujat erick tpi masih punya masala sendiri jangan sok keras""";1
454;Non-bullying;semangat rick usaha barunya;"""Semangat Rick untuk usaha barunya""";1
455;Bullying;hadehh muka kaya tong sampah;"""Hadehh muka kaya tong sampah .""";0
456;Non-bullying;sekali omongan kasar tobat kawan kawan comment kasar nya;"""banyak banget omongan kasar disini, tobat lah kawan kawan.. cukup comment kasar nya""";1
457;Bullying;ni orang jelek tidak obat jj liat ya;"""Ni org jelek ga ada obat.kok jj mau liat apa ya..""";0
458;Non-bullying;semangat bang orang ngejudge kamu peduliin;"""Semangat bang, walaupun banyak orang yang ngejudge lu. Jangan peduliin mereka""";1
459;Non-bullying;tuhan yesus semangat rick;"""Tuhan yesus baik semangat rick""";1
460;Non-bullying;balas komen hate bang bikin sakit jempol mending berkarya;"""Jangan di bales komen hate bang bikin sakit jempol, mending lanjut berkarya:)""";1
461;Bullying;eh kamu nyadar tidak sudah dekil tatoan nya kaya daki haha;"""Eh lo nyadar ga ? Udah dekil terus tatoan, jadi nya kaya daki haha""";0
462;Bullying;jelek dapat selingkuhan jelek keren yaa imbang wkkw;"""jelek dapet selingkuhan jelek juga keren yaa imbang wkkw""";0
463;Non-bullying;ngehina fisik ni orang tidak benar ya wkwkwkwk;"""Wah ngehina fisik ni orang,ga bener ya wkwkwkwk""";1
464;Bullying;bunuh sono goblox;"""BUNUH DIRI LAH SONO GOBLOX""";0
465;Non-bullying;sabar komentar ujian;"""Sabar semua komentar ini ujian""";1
466;Non-bullying;santai rick yang ngehujat kamu belum tahu perjalanan hidup kamu saja sok suci;"""Santai rick yg ngehujat lo belom tau perjalanan hidup lo aja! Mereka hanya sok suci!""";1
467;Non-bullying;sabar yah tetap semangat ngejar karirnya dengerin orang ngebacot komen saja;"""Yang sabar yah,tetep semangat ngejar karirnya jangan dengerin kata orang mereka Cuma bisa ngebacot di komen doank""";1
468;Bullying;erick masuk neraka jalur selingkuh bos;"""Erick masuk neraka jalur selingkuh bos""";0
469;Non-bullying;terus berkarya brd titik seperti;"""Trs berkarya walaupun brd di titik sprti ini""";1
470;Non-bullying;stop ngatain orang kamu yang ngatain orang ngaca dulu ngatain mirip suci saja hidup kamu;"""Stop lah ngatain orang lain lu pada itu yg ngatain orang lain ngaca dlu sebelum ngatain kayak suci aja hidup lu pada""";1
471;Non-bullying;ngatain sepertinya idupnya gapernag bikin kesalahan;"""Yang ngatain keknya idupnya gapernag bikin kesalahan""";1
472;Bullying;gila kamu karena tidak laku youtube;"""Jadi gila kau rupanya karna gak laku lagi di YouTube""";0
473;Bullying;kasihan yah sudah stress;"""Kasian yah sdh stress banyak masalah""";0
474;Bullying;jatohnya kek ajg sih rikkk;"""Kok jatohnya malah kek ajg sih rikkk""";0
475;Bullying;karir turun autis kasihan hahah;"""Karir turun jadi autis kasian hahah""";0
476;Non-bullying;erick kek gini saya kangenin keep itu up bruuh;"""erick yang kek gini yang gua kangenin, keep it up bruuh""";1
477;Bullying;sudah autis iya bagi awokawkk;"""Udah mau autis iya bg awokawkk""";0
478;Bullying;kasihan muda sudah stresss;"""Kasian masih muda udah stresss""";0
479;Non-bullying;komen yang support ketutup yang hate bgst memang ig;"""Banyak komen yg support malah ketutup yg hate bgst emang IG""";1
480;Non-bullying;maudy cantik na natural bnr2 cantik sangat cantik dalam;"""Maudy cantik na natural bnr2 cantik bgt, cantik luar dlm""";1
481;Non-bullying;bikin konten youtube student life at standford maudyayunda s1 at oxford fansmu tunggu nih;"""Bikin konten YouTube Student life at standford @maudyayunda seperti waktu S1 at Oxford. Fansmu pada nungguin nih.""";1
482;Non-bullying;aura orang pintar memang shining ya bun hy_dindut;"""Aura org pinter emg shining ya bun @hy_dindut""";1
483;Non-bullying;paket lengkap deh sudah cantik pintar;"""Paket lengkap deh.. udh cantik pintar lagi""";1
484;Non-bullying;sukaa sangat sama artis tidak neko2 natural bngett;"""Sukaa bnget sm artis ini? nggak neko2.. dan natural bngett""";1
485;Non-bullying;cantik pintar bertalenta orangtua yang tidak ingin anak seperti mba maudy;"""Cantik, pintar bertalenta, ortu mana yg gak kepengen punya anak kyk mba maudy""";1
486;Bullying;idih mak lampir dibanding uya ma kamu kamu butiran debu kamu dikenal bacot rajin2 ngaca deh;"""Idih mak lampir, dibanding uya ma lu, lu bagaikan butiran debu,, lu dikenal karena bacot? rajin2 ngaca deh""";0
487;Bullying;anjirlah muka kamu kek kuntilanak sok cantik;"""Anjirlah muka lo kek kuntilanak malah sok cantik""";0
488;Bullying;mbak cadel yang bangga cadelnya sih kasihan karena cadel jijik tidak bisu saja;"""Mbak cadel yg bangga dengan cadelnya,, Harusnya sih kasihan karna cadel tapi lama"" jadi jijik kenapa gak sekalian bisu aja""";0
489;Non-bullying;sudah pintar cantik tidak kebanyakan tingkah perfect;"""Uda pinter, cantik gak kebanyakan tingkah. Perfect""";1
490;Non-bullying;hati hati mody jaga jaga serangan brutal rasisme wajahmu sekilas onnie2 korea waspada;"""Hati-hati mody jangan keluar sendirian jaga-jaga serangan brutal rasisme, wajahmu sekilas mirip onnie2 korea. Tetap waspada""";1
491;Non-bullying;bikin konten youtube daily activity stanford kak maudyayunda;"""Bikin konten Youtube daily activity di Stanford dong kak @maudyayunda""";1
492;Non-bullying;motivasi aku ka maudy cantipp sangat;"""Motivasi ku ka Maudy cantipp bngt""";1
493;Non-bullying;semoga kecerdasan mbak maudy bermanfaat agama nusa bangsa aamiin;"""Semoga kecerdasan Mbak Maudy bermanfaat bagi agama, nusa, dan bangsa.. Aamiin""";1
494;Non-bullying;damage nya cewek pintar tidak ada lawann;"""Damage nya cewek pinter gada lawann""";1
495;Bullying;cantikan berisi kurus sangat kurus auranya;"""cantikan waktu berisi dulu? sekarang kurus bgt, kurus begini auranya kurang""";0
496;Bullying;cantik sih sayang kurus ya padahl sudah nikah kamu bahagia pernikahannya;"""cantik sih, tapi sayang kurus ya. padahl udh nikah lo, kurang bahagia sama pernikahannya?""";0
497;Non-bullying;good vibes lapar;"""masih good vibes walaupun sedang lapar""";1
498;Non-bullying;kakak cantik sangat bismillah cerdasnya nular;"""kakak cantik bgt bismillah cerdasnya nular""";1
499;Bullying;bodoh kamu alam semesta seisinya serentak murka mendengarkan lagumu;"""Bego lu. Alam semesta dan seisinya pun serentak murka mendengarkan lagumu""";0
500;Non-bullying;dua2 nya cantik sekali masya allah;"""Dua2 nya cantik banget masya Allah""";1
501;Non-bullying;ka nisa ariana grande;"""ka nisa mirip ariana grande masa""";1
502;Non-bullying;adiknya kak maudy cantik pintar aura positifnya ramah lemah lembut rajin sholeha;"""Adiknya Kak Maudy, cantik, pinter, aura positifnya keluar, ramah, lemah lembut, rajin, sholeha""";1
503;Non-bullying;sekilas yang abu ariana grande haha;"""Sekilas yg abu mirip ariana grande haha""";1
504;Non-bullying;nya ariana grande;"""Yang satu nya mirip Ariana grande""";1
505;Non-bullying;kakak adik cantik ya suka duanya;"""Kakak sama adek sama sama cantik ya aku suka sama dua duanya""";1
506;Non-bullying;rambutnya kak modd bagussss hitam berkilauu;"""Rambutnya kak modd bagussss? Item berkilauu""";1
507;Non-bullying;cantik congrats kak msuk nominsi tc candler;"""Cantik semua congrats kak msuk nominsi tc candler""";1
508;Non-bullying;maudy enak bet sudah cantik iya pintar iya;"""Maudy enak bet dah cantik iya pinter iya""";1
509;Non-bullying;kukira dedeknya berdiri mukul bang jer pakai ukulele salah salah;"""kukira dedeknya berdiri itu mau mukul bang jer pake ukulele? ternyata aku salah salah :""""";1
510;Non-bullying;bang jerome kalau nyanyiny kek gini bagus suaranya ganyangkaaa;"""Bang jerome KLO nyanyiny kek gini bagus suaranya ganyangkaaa""";1
511;Non-bullying;sutan lucu menggemaskan;"""Sutan kamu sangat lucu dan menggemaskan""";1
512;Non-bullying;bang vidio bareng sutan kayaknya senang ama bang jerom;"""Bang sering-sering dong buat vidio bareng sutan dia kayanya juga seneng ama bang jerom""";1
513;Non-bullying;kalau jeromepoline video berdua saja seharian anak hahah lucu gimana riwehnya;"""Klu @jeromepoline buat video tapi berdua aja seharian sama anak kecil, hahah lucu juga gimana riwehnya""";1
514;Bullying;muka kamu cabul sekali sih bagi hahah;"""Muka lu kok cabul banget sih bg hahah""";0
515;Bullying;raut mukanya saja sudah orang kalah judi makan enak;"""Dari raut mukanya aja udh terlihat seperti org kalah judi dan tidak pernah makan enak""";0
516;Non-bullying;kak jerome mirip boneka tahu hahah;"""Kak jerome kayak boneka tau hahah""";1
517;Non-bullying;mukbang makanan sehat kak salad jepang gituuu;"""Mukbang makanan sehat dong kak. Salad jepang gituuu.""";1
518;Non-bullying;yakinin niatnya bagi semoga sukses;"""Yakinin dulu niatnya bg? Semoga sukses""";1
519;Non-bullying;bang nonton kerja jepang bermanfaat sangat kontennya jadi gampang kalau cari jepang;"""Bang, aku nonton kamu setelah aku kerja di Jepang. Bermanfaat bgt kontennya jd gampang kalo mau nyari apa apa di Jepang""";1
520;Non-bullying;hanya rumus diet yang tidak dipecahka ya bang;"""Cuman rumus diet ini yg ga bisa dipecahka ya bang?""";1
521;Non-bullying;perut maju tetapi semangat maju;"""Perut makin maju tpi semangat jangan tak maju""";1
522;Non-bullying;pantas kak jessica bilang bang jerom beruang wkwkwk;"""Pantesan kak Jessica bilang bang jerom beruang wkwkwk""";1
523;Non-bullying;aduhh susah kalau urusan sma jerome rumus matematika bahasannya daya diriku yang suka bahas inggris daripada matematika;"""Aduhh susah klo urusan sma Jerome rumus matematika terus bahasannya? Apakah daya diriku yg lebih suka bhs Inggris drpd matematika""";1
524;Non-bullying;kaya tulus ya mukanya kalau diliat2;"""Kaya tulus ya mukanya klo diliat2""";1
525;Non-bullying;kak jerome trik biar paham cepat rumus matematika dung;"""Kak Jerome, bagi trik biar bisa paham dan ingat cepat rumus matematika, dung:)""";1
526;Non-bullying;x baca caption mikir pakai kalkulator cuyyy hahaha;"""Baru x ini baca caption harus mikir dan pakai kalkulator cuyyy hahaha""";1
527;Non-bullying;sumpah si kak kemeja jeans bikin kelihatan seger sangat mantap mantap;"""Sumpah si kak, kemeja jeans bikin keliatan seger bgt mantap mantap""";1
528;Non-bullying;ama aktor korea yang main film reply 1988 yang kaka nya jung hwan wkwk;"""Mirip ama aktor korea yg main di film reply 1988 yg jadi kaka nya jung hwan wkwk""";1
529;Non-bullying;iya bang jer berbeda kalau pakai style mirip gini fresh anak gaul;"""iya bang jer terlihat berbeda klo pake style kayak gini lebih terlihat fresh anak gaul""";1
530;Non-bullying;kalau style gini pas begitu bang sma umur kamu yang masih muda kelihatan lebih fresh saja sesuai sma umur;"""Klo style ke gini pas gitu bang sma umur lu yg msh muda keliatan lbh fresh aja sesuai sma umur""";1
531;Non-bullying;dewasa imutt aih cipaaaaaa;"""Kok makin dewasa makin imutt aih cipaaaaaa""";1
532;Non-bullying;maniss bangettt pengen sudah senyuman manis mirip ka syifaaa;"""maniss bangettt pengen dah punya senyuman manis kayak ka syifaaa""";1
533;Non-bullying;nih orang manis sangat sihh tidak ngerti;"""Nih orang manis bnget sihh ga ngerti lagi""";1
534;Non-bullying;kakak pintar nyanyi ya syifahadjureal suaranya bagus kak;"""Kakak pinter nyanyi ya @syifahadjureal, suaranya bagus kak""";1
535;Non-bullying;tidak salah kalau kak syifa cantik mamahnya saja cantik bgtt jujurr;"""Gk salah kalo kak syifa cantik mamahnya aja cantik bgtt!! Jujurr""";1
536;Non-bullying;lelaki yang kamu lelaki yang beruntung;"""Lelaki yg mendapatkan km. Adalah lelaki yg beruntung.""";1
537;Non-bullying;sangat ayahmu kalau adikmu sangat mamamu;"""Kamu mirip bgt ayahmu kalo adikmu mirip bgt mamamu""";1
538;Non-bullying;kakak sudah cantik sii cantikan kalau pakai hijab;"""Kakak udah cantik sii, tapi cantikan lagi kalo pake hijab""";1
539;Non-bullying;gemeshh kaya pengen cubit;"""Gemeshh rasanya kaya aku pengen cubit""";1
540;Non-bullying;angelkmgi cute sih ganteng parah masih juga;"""@angelkmgi ini paling cute sih, ganteng parah msh kecil jg""";1
541;Bullying;pengen saya pacul mulut kamu woii anjeng busuk;"""Pengen gw pacul mulut lo!! woii anjeng busuk""";0
542;Non-bullying;bilang orang-orang artis cewek yang menurutku cantik syifa ziu;"""Sering blg ke org2 artis cewek yg menurutku paling cantik syifa sama ziu""";1
543;Non-bullying;ka cipa itu sudah cantik manis sangat manisnya itu nglebihin gula;"""Ka cipa tu uda cantik, baik, manis bgt pula, manisnya tu nglebihin gula""";1
544;Non-bullying;sekilas cantikkan syifa;"""Dilihat sekilas pun tampak jelas kalau cantikkan syifa""";1
545;Non-bullying;setuju tidak sih si tetap cntik sangat tidak pakai pakai up tidak pakai pakai up pucet sangat seperti tidak makan setahunn;"""Setuju g sih? Si dia tetep cntik bgt meski g pke make up? lah aku g pke make up pucet bgt kyk g makan setahunn""";1
546;Non-bullying;dahlahh memang cantik kamu cippp;"""dahlahh emang cantik luar dalam kmu ini cippp""";1
547;Non-bullying;muka cantik pakai up hini bahagia sangat kali ya yang suaminya liat bidadari harinya;"""Muka cantik tanpa make up hini, bahagia bgt kali ya yg jadi suaminya, bisa liat bidadari setiap harinya.""";1
548;Non-bullying;suka bgtt sama kak cipaa orangnya humble sama orang temannya;"""Suka bgtt sm kak cipaa.. orangnya humble sm semua orang dan banyak temannya juga""";1
549;Non-bullying;artis remaja indonesia yang manis sangat kalau senyum deh perasaan yang nempel hati;"""Artis remaja di Indonesia yg manis bgt kalo senyum Cuma dia deh perasaan yg nempel di hati""";1
550;Non-bullying;doakan perempuan yang bernama nagita sehat bahagia lahir batin sayang sama;"""Aku doakan perempuan baik yg bernama Nagita selalu sehat, bahagia lahir batin, dan banyak yang sayang sm dia..""";1
551;Non-bullying;rafathar nya mantull ni pulang tidak jadi menginap karena tidak teman mamany di rumah papany pulangg jadi jagain temani mama ya aa;"""Rafathar nya mantull ni, pulang nggk jd nginep karna nggk ada temen mamany d rmh papany belum pulangg.. jd jagain dan temenin mama dulu ya aa""";1
552;Non-bullying;kultur kerja kaya gini saya bagus si tidak kapitalis sekali petingginya kerja ngevlog endors semoga gaji tidak senjang si haha;"""kultur kerja kaya gini menurut gw bagus si ga kapitalis banget, petingginya juga ikut kerja misal ngevlog atau endors, semoga gaji juga ga senjang si haha""";1
553;Non-bullying;senang kerja rans mbak gigi tidak ngebossy;"""Pantas pada senang kerja di Rans.. mbak gigi nggak ngebossy..""";1
554;Non-bullying;senang yaa lihat orang sukses meeting ya allah pengen sukses mirip begitu biar status instastory;"""Seneng yaa lihat orang sukses meeting. Ya Allah pengen sukses kayak gitu biar ada status di instastory""";1
555;Non-bullying;semoga kelg crew sehat rejeki terus lancar ya kak gigi;"""smga semua kelg dan crew sehat semua.. dan rejeki trs lancar ya kak gigi..""";1
556;Non-bullying;fokus nagita pas minum sempet baca doa keren sangat hasil didikan orang tua nya;"""Fokus ke nagita pas mau minum masih sempet baca doa. keren bgt hasil dari didikan orang tua nya""";1
557;Bullying;kasihan ya nagita suami kerjaannya berzinah;"""Kasihan ya , Nagita punya suami kerjaannya berzinah terus""";0
558;Non-bullying;koreaable sekali face rafathar cakap ganteng manis sekali;"""Koreaable banget face rafathar cakep ganteng manis banget""";1
559;Non-bullying;masyaallah rafathar ganteng sangat tidak kuat ngeliat alisny;"""MasyaAllah Rafathar tambah besar makin tambah ganteng bgt gk kuat ngeliat alisny?""";1
560;Non-bullying;siwon ya lama2 perasaan saya saja;"""Kok mirip siwon ya lama2, apa perasaan gw aja.""";1
561;Non-bullying;lucunya berasa mirip kaka adik;"""Lucunya berasa kayak kaka dan adek""";1
562;Non-bullying;wajah nagita kya umur 20an;"""Itu wajah nagita kya masih umur 20an""";1
563;Non-bullying;foto nomor edit edit ya saayy kamera nyaa bening model fotonya bening tidak pakai filter tipu tipu;"""Foto no edit edit ya saayy kamera nyaa bening,,, model fotonya pun juga bening gak perlu pakai filter tipu tipu""";1
564;Non-bullying;look nya rafathar memang tidak dipungkiri diborong gen mama gigi haha;"""Look-nya Rafathar emang gak bisa dipungkiri, diborong gen mama gigi semua HAHA.""";1
565;Non-bullying;nagita kaya anak muda coba cantikk bangeett;"""Nagita masa kaya anak muda coba cantikk bangeett""";1
566;Non-bullying;masyaallah mamany cantik anaknya ganteng perfect;"""Masyaallah mamany cantik anakny ganteng, perfect""";1
567;Non-bullying;kaya adik kakak kak gigi kelihatan muda sekali;"""Kaya adek kakak.. kak gigi keliatan muda banget""";1
568;Non-bullying;gede saja rafathar ya pintar ya rafathar;"""Tambah gede aja rafathar ya tambah pinter ya Rafathar""";1
569;Non-bullying;mama gigi rambutnya pirang cantik muda;"""Mama gigi kalau rambutnya agak pirang tambah cantik dan tampak lebih muda""";1
570;Non-bullying;ootd mama gigi simple elegan nya masyaallah;"""OOTD mama gigi simple tapi elegan dilihat nya, masyaallah""";1
571;Non-bullying;masyaallah mamah gigi bening bet sudah sehat mamah gigi dan keluarga;"""Masyaallah mamah gigi bening bet dah, sehat selalu mamah gigi dn keluarga""";1
572;Non-bullying;mama gigi ketemu gajah gajahnya senang tertawa begitu ahhaha;"""mama gigi ketemu gajah. gajahnya seneng sampai ketawa gitu ahhaha.""";1
573;Non-bullying;ya allah tidak tahu kenapa aku suka lihat nagita pakai dress modelnya cakap cakap;"""Ya allah ga tau knp ak suka setiap lihat nagita pake dress modelnya cakep cakep""";1
574;Non-bullying;i see beauty in everything mba gigi sehat dede bayi nya;"""i see beauty in everything mba gigi sehat selalu sama dede bayi nya""";1
575;Non-bullying;mama gigi cantik sekali look younger than her age love mama gigi;"""Mama gigi cantik banget? look younger than her age.. love mama gigi""";1
576;Non-bullying;semoga adeknya rafathar anak tangguh kuat cerdas;"""Semoga adeknya rafathar menjadi anak yang tangguh kuat cerdas""";1
577;Non-bullying;pakaian apapun yang dipakai mama gigi keceee;"""Pakaian apapun yg dipake mama gigi selalu keceee""";1
578;Non-bullying;terima kasih kak nagita raffinagita1717 support molly si gajah satwa satwa bali zoo kunjungannya keluarga;"""Terima kasih kak Nagita @raffinagita1717 sudah support Molly si gajah dan satwa-satwa di Bali Zoo lainnya dengan kunjungannya bersama keluarga""";1
579;Non-bullying;kaya nya gajahnya merasakan aura positif nya mb gigi sumringah juga gajahnya loo;"""Kaya ny gajahnya merasakan aura positif nya mb gigi itu? kelihatan sumringah jg gajahnya loo..""";1
580;Non-bullying;manis sekali mbak gigi masya allah hamil bersinar;"""Manis banget mbak gigi.. Masya Allah.. hamil semakin bersinar..""";1
581;Non-bullying;mama gigi tidak pernah tidak cantik sih kalau;"""Mama gigi gapernah ga cantik sih kalo menurut aku.""";1
582;Non-bullying;semoga sehat bayi kandungan nya ibunya ya;"""Semoga sehat selalu bayi dalam kandungan nya sama ibunya ya.""";1
583;Non-bullying;cantik sekali semoga sehat kakak panutan;"""Cantik banget semoga sehat selalu kakak panutan""";1
584;Non-bullying;masyaallah mempesona kaum adam kaum hawa;"""MasyaAllah selalu mempesona baik kaum adam maupun kaum hawa""";1
585;Non-bullying;tidak orang bangun tidur siang secantik ka yaya;"""Gak ada orang lain yang bangun tidur siang secantik ini selain ka yaya""";1
586;Non-bullying;tua muda yehh mukanya cantik bngett mau nangiss ampun cantik ka yaya;"""makin tua makin muda yehh mukanya, mana cantik bngett mo nangiss ampun cantik terus ka yaya""";1
587;Non-bullying;gapaham cakeup nya natural masyaallah;"""Gapaham lagi cakeup nya natural Masyaallah""";1
588;Non-bullying;raisa mah tipe cantik sopan santun pakaiannya;"""Raisa mah tipe cantik tapi sopan santun pakaiannya""";1
589;Non-bullying;ka yayaaa why are you always stunning pretty girl;"""ka yayaaa, why are you always stunning pretty girl.""";1
590;Non-bullying;ya allah ni orang peri cantik amatt;"""Ya Allah ni orang apa peri, cantik amatt""";1
591;Non-bullying;cantik sekali heran samping kanan kiri dan lain lain tetap saja cantik;"""Kenapa cantik banget aku heran dilihat dari samping kanan kiri depan dll tetep aja cantik""";1
592;Non-bullying;berhenti cakap tidak kakk pusingggg ih;"""BISA BERHENTI CAKEP GA KAKK? PUSINGGGG IH""";1
593;Non-bullying;cantik bajunya keren warnanya bikin pangling;"""Cantik bajunya keren warnanya bikin pangling""";1
594;Non-bullying;dongggg liked congratulations;"""Sudah dongggg dan sudah di liked juga.. congratulations""";1
595;Non-bullying;udaaaahh nontonnnnn lagunya bajunya makeup hairdo nyaaa sukaakkkk;"""Udaaaahh nontonnnnn.. lagunya bajunya makeup dan hairdo nyaaa sukaakkkk""";1
596;Non-bullying;raisa tidak monoton suka deh sering2 kek gini;"""Raisa sekarang ngak monoton?. Jadi suka deh?. Sering2 kek gini?.""";1
597;Non-bullying;sudah kunyah saja cute sekali;"""udah dong. Lagi ngunyah aja cute banget""";1
598;Non-bullying;penyihir secantik saya rela dikutuk tokek laut;"""Penyihir secantik ini gue rela dikutuk jadi tokek laut""";1
599;Non-bullying;ya ampun kak makan sih cantik sekali;"""Ya ampun kak makan apa sih kok bisa cantik banget""";1
600;Non-bullying;ya allah kek anak yang masih batita kalau lagi marah manyunnya gemes hahaha;"""Ya allah kek anak yg msh batita klo lg ngambek manyunnya begitu, gemes hahaha""";1
601;Non-bullying;sudah sumpah bagus sekali serasa liat cerita disney begitu;"""Aku udah. Dan sumpah bagus banget. Serasa liat cerita disney gitu""";1
602;Bullying;kamu tidak sopan mukak kamu mirip babi;"""lu lebih gak sopan, mukak lu kayak babi!""";0
603;Non-bullying;ya allah sempurna sih ciptaanmu yang in;"""ya Allah kenapa begitu sempurna sih ciptaanmu yg satu in""";1
604;Non-bullying;ragu saja cantiknya sudah kek gini bagaimana kalau yak cantiknya kek heran;"""Ragu aja cantiknya udh kek gini, gmn kl yakin yak, cantiknya kek apa, heran""";1
605;Non-bullying;kelihatan ragu kelihatan cantik;"""Bukan keliatan ragu, tapi keliatan cantik""";1
606;Non-bullying;warna bikin raisa shinning merah hitam putih pink and emerald;"""Warna yang paling bikin Raisa makin shinning itu merah, hitam, putih, pink and emerald""";1
607;Non-bullying;raisa pakai baju merah sumpahh cantik bgttt;"""Raisa pake baju merah sumpahh cantik bgttt""";1
608;Non-bullying;liriknya pendek tetapi susah hafal pas putar kali eh candu sekali;"""Liriknya pendek tp susah di hafal pas awal awal, begitu di puter beberapa kali eh kok candu banget""";1
609;Non-bullying;kak yaya tidak ngeraguin pendengar lagu2 nya;"""Demi apa, Kak Yaya gk pernah ngeRAGUin para pendengar lagu2 nya""";1
610;Non-bullying;ka yaya kalau ragu tetap secantik yah;"""Ka yaya kalo ragu tetep secantik itu yah :"")""";1
611;Non-bullying;ragu saja cantik kak serius;"""Ragu aja cantik kan kak, apalagi kalau serius""";1
612;Non-bullying;tidak alay tidak muluk muluk natural sukaaaa;"""Ngga alay. Ngga muluk muluk. Natural. Sukaaaa";1
613;Non-bullying;seru sangat gemoy tim berkebun plus tim alam sangat niiii;"""seru bgt gemoy, tim berkebun plus tim alam bgt niiii""";1
614;Non-bullying;nikmatnya menghirup oksigen bebas ya;"""nikmatnya bisa menghirup oksigen dengan bebas ya :)""";1
615;Non-bullying;slide mukanya gaya saja tetap cantikk;"""Slide kedua mukanya mau gaya apa aja tetep cantikk""";1
616;Non-bullying;mba isyana foto gelap2an gini saja aesthetic sangat ya;"""mba isyana foto gelap2an gini aja aesthetic bgt ya""";1
617;Non-bullying;mba isyana sudah cantik suaranya bagus kompeten ah sukaaaa;"""mba isyana udah cantik suaranya bagus kompeten pula, ah sukaaaa""";1
618;Non-bullying;tidak taulah suka sekali gayanya isyan;"""Ga Taulah aku juga suka banget sama gayanya isyan""";1
619;Non-bullying;kangen nonton konser isyan langsung masih virtual experience nya saja begitu;"""Kangen nonton konser isyan secara lgsg, meskipun msh bisa virtual, Cuma experience-nya lebih dapat aja gitu""";1
620;Non-bullying;congrats ka isyanasarasvati berkarya sukses mnjd inpirasi;"""Congrats ka @isyanasarasvati, terus berkarya, makin sukses? dan terus mnjd inpirasi kita semua?""";1
621;Non-bullying;congrats kak pantes mendapatkannya;"""Congrats kak, kamu memang pantes mendapatkannya""";1
622;Non-bullying;berharap kak isyanasarasvati umur inspirasi musisi indonesia suka musik indonesia kak isyana;"""Saya berharap kak @isyanasarasvati panjang umur. Sehingga bisa jadi inspirasi untuk musisi seluruh Indonesia. Saya suka musik indonesia dengan adanya kak Isyana""";1
623;Non-bullying;sudah cantik agak gesrek ya kelebihannya semangat produktif;"""Udah cantik, rada gesrek tapi ya ini banyak kelebihannya, semangat tetap produktif""";1
624;Non-bullying;gatau serasa nonton wtf benar jakarta virtual and thankyouu for the performance kak syan keren pecah mengecewakan;"""Gatau lagi, serasa nonton wtf beneran di jkt meski virtual and thankyouu for the performance kak syan! Selalu keren dan pecah! Tak pernah sekalipun mengecewakan""";1
625;Non-bullying;tidak lihat ka isyana live benar panggung tetapi terpesona sangat ama live virtual asli keren;"""Walaupun ga pernah lihat ka isyana live beneran di panggung. Tp aku terpesona bgt ama live virtual asli keren""";1
626;Non-bullying;yash we the fest even virtual tetap keren sangat kak syann huaaa energi nya dapat sangat;"""yash we the fest even virtual tapi tetep keren bgt kak syann huaaa energi nya dpt bgt""";1
627;Non-bullying;keren sekali sebentar mantap habis ditunggu karya ya kak stay safe and healthy isyana aku;"""Keren banget!!! walaupun sebentar tapi mantap abis! Ditunggu karya selanjutnya ya kak! Stay safe and healthy isyana ku""";1
628;Non-bullying;makaseh jugaa kakaaa inyeeuuuu semoga pantang menyerah kakak teman musisi yaaa;"""makaseh jugaa kakaaa inyeeuuuu semoga aku bisa pantang menyerah seperti kakak dan teman musisi lainnya yaaa""";1
629;Non-bullying;thank you syan senang sekali kemarin haha semoga pandemi rencana dilancarkan ya syan;"""Thank you juga, Syan! Seneng banget kemarin haha! Semoga setelah pandemi ini, semua rencana dilancarkan ya, Syan!""";1
630;Non-bullying;hua senang sangat kemarin 35 menitan tetapi senang liat isyan adaptasi kebiasaan baruku semoga teratur maemnya ditunggu karya kaka;"""hua seneng bgt kmrn walaupun Cuma 35 menitan tp seneng liat isyan, adaptasi kebiasaan baruku semoga bisa lebih teratur maemnya, ditunggu karya selanjutnya kaka""";1
631;Non-bullying;senang indonesia musisi idealis berkualitas yang berkarya diapresiasi orang;"""senang akhirnya indonesia bisa mempunyai musisi idealis berkualitas tinggi yg masih bisa terus berkarya & diapresiasi oleh banyak orang?""";1
632;Non-bullying;berharap menghadirkan musisi dengan genre dari yang industri biar musik indonesia berwarna;"""Berharap bisa menghadirkan musisi dgn genre yang lain dr yg sudah ada di industri? biar musik Indonesia lebih berwarna""";1
633;Non-bullying;congrats kak isyan semoga impian impian baiknya terwujud aamiin;"""congrats kak isyan semoga semua impian-impian baiknya segera bisa terwujud aamiin""";1
634;Non-bullying;benar benar idola dari musisi dipandang sebelah mata sampai label musik congrats syan;"""Bener bener idola, dr musisi yang dipandang sebelah mata sampe buat label musik sendiri, congrats syan""";1
635;Non-bullying;congrats kak isyan semoga karya nya yang kakak sukses teruss;"""CONGRATS KAK ISYAN semoga karya nya apa yg dilakukan kakak sukses teruss""";1
636;Bullying;orang stres gila;"""ORANG INI TERLIHAT SANGAT SANGAT STRES DAN GILA""";0
637;Bullying;saya kalai tuhan gaakan saya jadi manusia pante tidak hidup orang dunia akhlaknya tidak ada tolol bangsat;"""Gua kalai jadi tuhan gaakan gua jadiin dia ini manusia, lebih pante ga hidup ini orang di dunia, akhlaknya gaada tolol bangsat""";0
638;Non-bullying;nya saya nangis kalau lagu nya seiihh kalau nangis karena saking bagus nya lagu nya;"""Biasa nya aq nangis kalo lagu nya seiihh, kalo sekarang nangis karna saking bagus nya lagu nya""";1
639;Non-bullying;definisi minat ketemu bakat ketemu kerja keras;"""definisi minat ketemu bakat ketemu kerja keras""";1
640;Non-bullying;vnagstn astaga si isyana keren sekali musisi lokal selera musiknya mirip gini;"""@vnagstn astaga si isyana keren banget ini; bisa ada musisi lokal yang selera musiknya kayak gini""";1
641;Non-bullying;mashaallah sudah cantik pintar jago nyanyi dan mainin alat musik neng isyanasarasvati ngefans benar mah;"""MashaAllah? udh cantik, pinter, jago nyanyi dn mainin alat musik pula neng @isyanasarasvati ngefans bener ini mah""";1
642;Non-bullying;gilaaaa gila gilaaaa tangan kaki ekspresi n emosi tertuang adi karya yang fantastis;"""Gilaaaa.. gila.. gilaaaa Tangan, kaki, ekspresi, n emosi tertuang adi suatu karya yg fantastis""";1
643;Non-bullying;gosh kali lihat isyana mainin alat musik kaya lihat jiwanya beda merinding gila kaya kepribadiannya serius sangat;"""Gosh, tiap kali lihat isyana mainin alat musik kaya lihat jiwanya beda. Merinding gila. Kaya kepribadiannya jadi serius bangett""";1
644;Non-bullying;sumpah allah bagus sangat kereennn merinding aku nya dengerin sampai habis tiba2 saja sampai netesin air mata;"""Sumpah demi allah bagus bangett kereennn merinding ak nya.. dengerin sampe abis tiba2 aja ampe netesin air mata""";1
645;Non-bullying;memutuskan fans isyana gila keren sekali ya otak berdua berfungsi dengan menjalankan perintah tangan kaki bersamaan;"""aku memutuskan untuk menjadi fans isyana. gila keren banget ya, otak mereka berdua bisa berfungsi dg menjalankan perintah ke tangan dan kaki, di waktu bersamaan""";1
646;Non-bullying;amzing isyanaa jujur amazed sekali skill minat isyana bermusik tidak bernyanyi main alat musik jago sekali;"""AMZING ISYANAA!! Jujur aku amazed banget dengan skill dan minat Isyana dalam bermusik. Ga Cuma bernyanyi tapi main alat musik pun jago banget""";1
647;Non-bullying;ngiri liat orang keren main alat musik dalam sekali nikmatin permainan;"""paling ngiri liat orang keren maen alat musik dan dalem banget nikmatin permainan sendiri""";1
648;Non-bullying;sampai tidak berkata2 isyana sangat2 sempurna orang;"""Sampe ga bisa berkata2 lagi buat isyana, sangat2 sempurna org ini""";1
649;Non-bullying;inimah main alat musik olahraga jari kaki mah;"""Inimah bukan main alat musik lagi. Olahraga jari dan kaki ini mah""";1
